Dates,t-4_t-3,t-3_t-2,t-2_t-1,t-1_t,2007 % change,3883 % change,1109 % change,1113 % change,16 % change,914 % change,388 % change,Volume,Volume_Indicator,Ticks,3333_TicksAvg,BB_LOWER,BB_SIGNAL,BB_WIDTH,BB_PERCENT,MOMENTUM,MOM_MA,MACD,MACD_SIGNAL,MACD_DIFF,RSI,DMI_PLUS,DMI_MINUS,ADX,ADXR,ADX_SIGNAL,FEAR_GREED,VMAVG,Y
5/11/2019 9:30,0,-1,0,0,-0.006944444,0.005464481,-0.002894356,-0.005390836,0.004187605,-0.00101833,0,482000,1,56,8607.142857,20.05023704,0,1.693869947,0.583205384,-0.05,-0.124,-0.009376259,0.010623233,-0.019999492,53.60190656,26.13367635,26.19083055,40.13437681,37.27874618,1,-0.1338,20.21354708,0
5/11/2019 9:31,-1,0,0,-1,0,-0.001811594,0.002902758,0,-0.001668057,0.001019368,-0.0008,116000,0,16,7250,20.05023704,0,1.693869947,0.437231026,-0.05,-0.144,-0.00805958,0.00688667,-0.01494625,49.92080053,23.76662559,23.81860305,37.27543777,36.28109253,1,-0.088594872,20.21278723,0
5/11/2019 9:32,0,0,-1,0,0,-0.003629764,0.002894356,0,0.006683375,-0.00101833,-0.001601281,105000,0,50,2100,20.05023704,0,1.693869947,0.437231026,-0.05,-0.144,-0.006936146,0.004122107,-0.011058253,49.92080053,21.65441062,26.14542636,35.28401096,35.686351,1,-0.069707692,20.21210814,0
5/11/2019 9:33,0,-1,0,-1,0,0,-0.002886003,-0.001806685,-0.004149378,-0.001019368,0,178000,1,32,5562.5,20.02719529,0,1.848270613,0.061038907,-0.2,-0.134,-0.017942731,-0.00029086,-0.01765187,40.29315691,18.17530928,29.97801644,34.51448726,35.67392017,1,-0.170589744,20.19489019,0
5/11/2019 9:34,-1,0,-1,0,0,0.001821494,0,0,-0.000833333,0.001020408,0,160000,1,17,9411.764706,20.0064725,0,1.979833203,0.108803786,-0.25,-0.12,-0.026361648,-0.005505018,-0.02085663,40.29315691,17.42171713,28.7350556,33.79992954,35.66237727,1,-0.217112821,20.1832777,0
5/11/2019 9:35,0,-1,0,0,0,0,0,0,0,-0.006116208,0,191000,1,20,9550,19.98763302,0,2.092845977,0.147532457,-0.25,-0.16,-0.032657248,-0.010935464,-0.021721784,40.29315691,17.42171713,28.7350556,33.13641165,35.65165885,1,-0.228635897,20.17259592,0
5/11/2019 9:36,-1,0,0,0,0.001748252,0,0,0.000904977,0,0.005128205,0.002405774,42000,0,12,3500,19.97038691,0,2.190160149,0.180027994,-0.2,-0.19,-0.037217535,-0.016191878,-0.021025657,40.29315691,16.62240259,32.00471646,33.0290394,35.89608179,1,-0.207774359,20.16277025,0
5/11/2019 9:37,0,0,0,0,-0.001745201,0.005454545,0.001447178,0,0,0.001020408,-0.0008,41000,0,11,3727.272727,19.95558111,0,2.214370277,0.211304625,-0.2,-0.22,-0.040366279,-0.021026758,-0.01933952,40.29315691,15.83976591,30.49783049,32.92933659,36.12304594,1,-0.187835897,20.15244091,1
5/11/2019 9:38,0,0,0,1,0,0.001808318,0,-0.001808318,0.001668057,0.001019368,-0.000800641,224000,1,37,6054.054054,19.94804754,0,2.215526419,0.340010709,0.1,-0.16,-0.038384624,-0.024498331,-0.013886293,45.37939979,18.9849993,27.68980539,31.90937709,35.87010921,1,-0.122666667,20.1478134,0
5/11/2019 9:39,0,0,1,-1,0,0,0,-0.000905797,-0.002497918,0,0,92000,0,11,8363.636364,19.93773997,0,2.195148847,0.253683481,0.07,-0.096,-0.040383219,-0.027675309,-0.01270791,41.56613219,18.08822593,26.38185275,30.96227185,35.63523939,1,-0.100574359,20.13794907,0
5/11/2019 9:40,0,1,-1,0,0.001748252,0,0.001445087,0.000906618,0.000834725,0.00203666,0,33000,0,15,2200,19.93032646,0,2.146015848,0.276799697,-0.2,-0.086,-0.041488861,-0.030438019,-0.011050842,41.56613219,18.08822593,26.38185275,30.08281697,34.47701235,1,-0.087558974,20.12907954,0
5/11/2019 9:41,1,-1,0,0,-0.001745201,0,-0.004329004,0.001811594,0,0.00101626,-0.002403846,22000,0,3,7333.333333,19.92190503,0,2.131402849,0.298457529,-0.15,-0.076,-0.041882298,-0.032726875,-0.009155423,41.56613219,18.08822593,26.38185275,29.26618031,33.40151581,0,-0.082979487,20.12475972,0
5/11/2019 9:42,-1,0,0,-1,0,0.001805054,0,-0.000904159,0,0,-0.000803213,34000,0,11,3090.909091,19.90818526,0,2.144849288,0.212716558,-0.2,-0.076,-0.045701859,-0.035321872,-0.010379987,37.61802795,17.08053438,30.48310545,29.18846645,34.81043501,0,-0.093912821,20.11834123,0
5/11/2019 9:43,0,0,-1,0,-0.001748252,0,0.001449275,0,0,-0.001015228,0,8000,0,7,1142.857143,19.89737153,0,2.129413183,0.239642276,-0.05,-0.106,-0.048173573,-0.037892212,-0.010281361,37.61802795,17.08053438,30.48310545,29.11630359,36.16476891,0,-0.096230769,20.110043,1
5/11/2019 9:44,0,-1,0,1,0.001751313,0,-0.001447178,0,0.000834028,0,0,29000,0,7,4142.857143,19.90183002,0,1.961987934,0.375741731,-0.05,-0.12,-0.045572511,-0.039428272,-0.006144239,43.80805347,22.1128386,28.6331145,27.95434325,34.04436003,0,-0.067574359,20.10559618,0
5/11/2019 9:45,-1,0,1,0,0.001748252,0,0.004347826,-0.000904977,-0.000833333,0.00101626,0,165000,1,28,5892.857143,19.91142573,0,1.743203345,0.395758526,-0.05,-0.08,-0.043015297,-0.040145677,-0.00286962,43.80805347,25.33669932,25.3230188,25.95953336,31.61748556,0,-0.041302564,20.10147869,1
5/11/2019 9:46,0,1,0,1,0,0,0,0.000905797,0.002502085,0,-0.000803859,22000,0,5,4400,19.92051972,0,1.578567485,0.566254299,0.05,-0.04,-0.036532975,-0.039423137,0.002890161,49.6072852,23.85195836,23.83907952,24.10720989,29.69561042,0,-0.002005128,20.10137154,1
5/11/2019 9:47,1,0,1,1,0,0.003603604,-0.001443001,-0.001809955,-0.001663894,0.001015228,0.000804505,164000,1,36,4555.555556,19.93195775,0,1.415186283,0.767526041,0.1,0.02,-0.027049299,-0.036948369,0.00989907,54.64784736,28.37225186,22.42394613,23.22170487,28.86809606,0,0.041497436,20.10489517,0
5/11/2019 9:48,0,1,1,-1,-0.001745201,0.001795332,0.001445087,-0.001813237,0,-0.001014199,0,1000,0,6,166.6666667,19.94073938,0,1.377166427,0.575943531,0.1,0.03,-0.023299418,-0.034218579,0.010919161,49.33363374,26.66744942,21.07655932,22.39945021,28.09968987,0,0.042589744,20.10455752,1
5/11/2019 9:49,1,1,-1,1,0,0.001792115,0,0.000908265,0,0,-0.001607717,42000,0,10,4200,19.95380258,0,1.331150413,0.733736748,0.1,0.05,-0.016107352,-0.030596333,0.014488981,54.13667352,31.12432783,19.7956048,22.38864025,27.76252595,0,0.058348718,20.10843829,1
5/11/2019 9:50,1,-1,1,1,0.001748252,-0.001788909,0.001443001,0.001814882,0.001666667,0.001015228,0.000805153,87000,0,38,2289.473684,19.96211794,0,1.223620187,0.967928364,0.15,0.08,-0.00630038,-0.025737143,0.019436763,58.38511648,35.35540455,18.57954809,23.01115652,28.02009796,0,0.087466667,20.11478742,0
5/11/2019 9:51,-1,1,1,0,0.001745201,0.001792115,0,0,-0.001663894,0,0,11000,0,20,550,19.96211794,0,1.223620187,0.967928364,0.15,0.1,0.001454945,-0.020298725,0.02175367,58.38511648,33.16156552,17.42666812,23.58920734,28.25927196,0,0.105635897,20.12111446,1
5/11/2019 9:52,1,1,0,1,0,0.001788909,0,0,0,0,0,148000,0,45,3288.888889,19.95380258,0,1.331150413,1.107715544,0.25,0.13,0.011503078,-0.013938365,0.025441442,62.4221767,35.14668648,15.37219897,24.70017558,28.30477634,0,0.152164103,20.13148169,1
5/11/2019 9:53,1,0,1,1,0,-0.001785714,0.002881844,0.000905797,0,0,0.00160901,111000,0,31,3580.645161,19.9279291,0,1.736807885,1.208881023,0.35,0.2,0.027221665,-0.005706359,0.032928024,68.91683685,42.45291538,13.6404015,26.60482903,28.78355044,0,0.217076923,20.15176292,1
5/11/2019 9:54,0,1,1,1,0.00174216,0,0.001436782,0,0.001666667,0,0.000803213,611000,1,45,13577.77778,19.89342578,0,2.276796857,1.214833809,0.4,0.26,0.047203787,0.00487567,0.042328117,73.79440664,48.67933086,12.16455251,28.99119019,29.53700358,0,0.291451282,20.19162417,0
5/11/2019 9:55,1,1,1,0,0.00173913,0,0,0,-0.000831947,0.001014199,0,41000,0,27,1518.518519,19.87552622,0,2.650850505,1.075899248,0.4,0.31,0.062321361,0.016364809,0.045956552,73.79440664,45.99941146,11.49486334,31.20709698,30.23663864,1,0.313061538,20.23170587,0
5/11/2019 9:56,1,1,0,0,0,0,0.00143472,0,0,0,-0.000802568,471000,1,81,5814.814815,19.86775435,0,2.923701456,0.987708635,0.35,0.35,0.073455399,0.027782927,0.045672472,73.79440664,51.72375035,10.27634897,33.75305722,31.47076184,1,0.301025641,20.26556973,1
5/11/2019 9:57,1,0,0,1,0,0,0,0.000904977,0,0,0,334000,1,54,6185.185185,19.8530228,0,3.313706046,1.041890442,0.4,0.38,0.089318758,0.040090093,0.049228665,78.08877251,49.03501025,8.773912594,36.31677648,32.71654003,1,0.342461538,20.30969324,0
5/11/2019 9:58,0,0,1,-1,0,0.001788909,0,-0.001808318,0,-0.002026342,0,562000,1,68,8264.705882,19.85829802,0,3.40751863,0.786895506,0.3,0.37,0.088763625,0.049824799,0.038938826,61.74409321,40.52704667,11.58926758,37.68881925,32.82158125,1,0.263846154,20.32744981,0
5/11/2019 9:59,0,1,-1,-1,0,0,0,0.000905797,0.000832639,-0.001015228,-0.001606426,260000,1,51,5098.039216,19.87504562,0,3.387702501,0.693456427,0.2,0.33,0.083328537,0.056525547,0.02680299,57.42907107,37.06423348,19.1434783,37.27412429,31.61682882,1,0.151923077,20.33139108,0
5/11/2019 10:00,1,-1,-1,0,0,0,0,-0.000904977,-0.000831947,0.00101626,0,1000,0,21,47.61904762,19.89445415,0,3.341612306,0.67379299,0.15,0.28,0.078120665,0.060844571,0.017276094,57.42907107,37.06423348,19.1434783,36.88905039,30.49813014,1,0.071358974,20.33480777,0
5/11/2019 10:01,-1,-1,0,0,0,0,-0.001432665,0.000905797,0,-0.001015228,-0.000804505,54000,0,18,3000,19.91662993,0,3.268255984,0.654894641,0.15,0.24,0.073150159,0.063305688,0.00984447,57.42907107,37.06423348,19.1434783,36.53148177,29.87659332,0,0.043205128,20.33706072,0
5/11/2019 10:02,-1,0,0,0,0,-0.003571429,0,-0.000904977,-0.000832639,0.00101626,0.000805153,8000,0,24,333.3333333,19.9517908,0,3.091134422,0.635692057,0.1,0.18,0.068422267,0.064329004,0.004093263,57.42907107,37.06423348,19.1434783,36.19945377,29.29945199,0,0.032794872,20.33920709,1
5/11/2019 10:03,0,0,0,1,-0.005208333,-0.001792115,0,-0.001811594,0,0,0.000804505,65000,0,40,1625,19.99157198,0,2.893054129,0.695959476,0.05,0.13,0.067926942,0.065048592,0.00287835,61.08689064,40.48422432,18.10320305,36.34242601,29.36553313,0,0.046538462,20.34917892,0
5/11/2019 10:04,0,0,1,-1,0.001745201,-0.005385996,-0.00286944,0,0,0,-0.000803859,105000,0,28,3750,20.02613872,0,2.698140677,0.591287093,-0.1,0.07,0.062776167,0.064594107,-0.00181794,55.91311574,36.24234433,21.4453045,35.57870085,29.29492868,0,0.005512821,20.34928566,0
5/11/2019 10:05,0,1,-1,0,0.00174216,0.001805054,0,0.000907441,0,0.003045685,0.000804505,16000,0,3,5333.333333,20.06580128,0,2.453346944,0.570225081,-0.1,0.02,0.058025261,0.063280337,-0.005255077,55.91311574,36.24234433,21.4453045,34.86952748,29.22936741,0,-0.024384615,20.34936614,0
5/11/2019 10:06,1,-1,0,-1,-0.00173913,-0.001801802,0.001438849,-0.001813237,0.000833333,0,0.000803859,185000,1,19,9736.842105,20.09587122,0,2.254649788,0.445445527,-0.15,-0.04,0.049653181,0.060554906,-0.010901725,50.91218739,34.16642053,25.94483578,33.35579551,29.02798555,0,-0.066948718,20.34606566,1
5/11/2019 10:07,-1,0,-1,1,0.00174216,0.001805054,0,-0.000908265,0,0,0.000803213,303000,1,45,6733.333333,20.12029089,0,2.11171975,0.534930982,-0.2,-0.1,0.046516614,0.057747248,-0.011230633,55.22496946,30.41421655,28.58660747,31.19449577,28.8996624,0,-0.036384615,20.34630434,0
5/11/2019 10:08,0,-1,1,0,0,-0.001801802,0,0,0,0.001012146,0,11000,0,1,11000,20.16182555,0,1.825034489,0.506732213,-0.05,-0.12,0.043529087,0.054903615,-0.011374529,55.22496946,30.41421655,28.58660747,29.18757459,29.08938239,0,-0.015205128,20.34652855,0
5/11/2019 10:09,-1,1,0,-1,0,-0.001805054,0,-0.001818182,0,0,-0.000802568,1000,0,48,20.83333333,20.19098781,0,1.611517511,0.332329541,-0.05,-0.11,0.036703769,0.051263646,-0.014559877,50.11817426,28.59329777,32.86217339,27.59891145,29.40300422,0,-0.025717949,20.34387186,0
5/11/2019 10:10,1,0,-1,0,0,0.001808318,0,-0.000910747,-0.000832639,0,0,117000,0,15,7800,20.20966704,0,1.476748171,0.300442968,-0.05,-0.1,0.030938022,0.047198521,-0.0162605,50.11817426,32.91845296,30.87168797,25.85674573,29.80490148,0,-0.042358974,20.34182231,0
5/11/2019 10:11,0,-1,0,-1,0,0,0,0,0,0,0,188000,1,26,7230.769231,20.22152128,0,1.384689717,0.101003618,-0.1,-0.09,0.022079524,0.042174722,-0.020095198,45.2637992,30.90267159,35.10480196,24.46455985,30.39066816,0,-0.072282051,20.33669487,0
5/11/2019 10:12,-1,0,-1,0,0,0,0,-0.000911577,0,-0.001011122,0,61000,0,20,3050,20.22152128,0,1.384689717,0.101003618,-0.1,-0.07,0.014887487,0.036717275,-0.021829788,45.2637992,28.99084057,39.11962157,23.77931335,30.7340663,0,-0.083641026,20.33278943,0
5/11/2019 10:13,0,-1,0,0,0,0,0,0,0,0.001012146,0,7000,0,5,1400,20.20825188,0,1.466271552,0.13986145,-0.15,-0.09,0.009083043,0.031190428,-0.022107386,45.2637992,28.99084057,39.11962157,23.14301303,30.20856866,0,-0.085589744,20.32882683,0
5/11/2019 10:14,-1,0,0,0,0,-0.001805054,0,0,0,-0.003033367,0.000803213,4000,0,1,4000,20.19758336,0,1.473563273,0.174819294,-0.1,-0.1,0.00443189,0.025838721,-0.021406831,45.2637992,28.99084057,39.11962157,22.55216274,29.72060656,0,-0.078794872,20.3245149,1
5/11/2019 10:15,0,0,0,1,0,0,0,-0.000912409,0.000833333,-0.001014199,0.000802568,122000,0,18,6777.777778,20.196473,0,1.411278279,0.360653397,-0.05,-0.1,0.004725923,0.021616161,-0.016890238,51.57287193,34.08412084,36.31368501,21.16751492,28.84949835,0,-0.048564103,20.32303732,0
5/11/2019 10:16,0,0,1,0,0,0,0,-0.002739726,-0.000832639,0,-0.000801925,58000,0,18,3222.222222,20.19731494,0,1.329743596,0.379794408,-0.05,-0.08,0.004902434,0.018273416,-0.013370982,51.57287193,34.08412084,36.31368501,19.88177052,28.04061214,0,-0.027615385,20.3215445,0
5/11/2019 10:17,0,1,0,-1,-0.00173913,0,-0.004310345,-0.001831502,0,0,-0.000802568,8000,0,18,444.4444444,20.2211932,0,0.948018225,0.149557461,-0.1,-0.08,0.000996254,0.014817983,-0.013821729,45.49163658,31.46653189,41.20466035,19.41880546,27.88061573,0,-0.038410256,20.31690842,0
5/11/2019 10:18,1,0,-1,0,0,0,0.001443001,0.000917431,0,0,0,3000,0,2,1500,20.21726382,0,0.913207139,0.17650168,-0.1,-0.07,-0.002075497,0.011439287,-0.013514784,45.49163658,31.46653189,41.20466035,18.98890933,27.28380509,0,-0.047846154,20.31429899,0
5/11/2019 10:19,0,-1,0,0,-0.00174216,-0.001808318,0.001440922,-0.00091659,0,0.001015228,-0.000803213,26000,0,11,2363.636364,20.21066019,0,0.929227395,0.208500583,-0.05,-0.06,-0.004458487,0.008259733,-0.012718219,45.49163658,37.07141649,37.83481241,17.70535405,26.28744076,0,-0.048538462,20.31095544,0
5/11/2019 10:20,-1,0,0,0,0.001745201,0,0,-0.006422018,0,0,-0.001607717,18000,0,11,1636.363636,20.20513167,0,0.934663348,0.236476862,-0.05,-0.06,-0.006274693,0.005352848,-0.01162754,45.49163658,34.07066989,34.77227272,16.51348129,24.9346384,0,-0.041461538,20.30738955,1
5/11/2019 10:21,0,0,0,1,0.00174216,0,-0.001438849,0.004616805,0,0.001014199,0.000805153,2000,0,6,333.3333333,20.20544024,0,0.907104453,0.513578136,0.05,-0.05,-0.003637536,0.003554771,-0.007192307,52.95334062,31.33881635,31.98416327,15.4067423,23.30061904,0,-0.012025641,20.30693024,0
5/11/2019 10:22,0,0,1,0,0,0.001811594,0.001440922,0,0,-0.001013171,-0.000804505,26000,0,5,5200,20.20611806,0,0.875899918,0.528127198,0.05,-0.02,-0.001529934,0.00253783,-0.004067764,52.95334062,28.84781296,29.44186371,14.3790561,21.78331535,0,0.007102564,20.30649265,0
5/11/2019 10:23,0,1,0,0,0,0,0,0,0,0,0.000805153,18000,0,2,9000,20.21516685,0,0.737635759,0.56681531,0.05,0.01,0.000138757,0.002058015,-0.001919259,52.95334062,28.84781296,29.44186371,13.42477605,20.51184375,0,0.016384615,20.3061068,1
5/11/2019 10:24,1,0,0,1,0.00173913,0,0,0,0,0,0,108000,0,12,9000,20.21516685,0,0.737635759,0.900891863,0.1,0.04,0.005433158,0.002733044,0.002700114,59.82261134,34.85336688,26.95684241,13.3783947,19.61757022,0,0.039717949,20.3085319,0
5/11/2019 10:25,0,0,1,-1,0,-0.001808318,-0.002877698,0.000919118,-0.000833333,0,0.000804505,154000,0,33,4666.666667,20.2176788,0,0.688317439,0.589514359,0.1,0.05,0.005530673,0.00329257,0.002238103,51.69415681,31.94927405,24.71071299,13.33532631,18.89994308,0,0.030025641,20.30808824,0
5/11/2019 10:26,0,1,-1,0,0,0,0.002886003,0,0.001668057,0.001014199,-0.002411576,12000,0,6,2000,20.2176788,0,0.688317439,0.589514359,0.1,0.04,0.005544046,0.003742865,0.001801181,51.69415681,31.94927405,24.71071299,13.29533423,18.53732379,0,0.020820513,20.30776111,0
5/11/2019 10:27,1,-1,0,0,-0.001736111,0,-0.001438849,0,-0.000832639,0,0.000805802,14000,0,1,14000,20.22096876,0,0.631316168,0.617130321,0.05,0.04,0.005491343,0.00409256,0.001398782,51.69415681,31.94927405,24.71071299,13.25819873,18.20060588,0,0.012128205,20.30745843,0
5/11/2019 10:28,-1,0,0,0,0,0.001811594,0,0,0,0,0,97000,0,13,7461.538462,20.22527238,0,0.564305344,0.65289821,0.05,0.04,0.005387472,0.004351543,0.001035929,51.69415681,31.94927405,24.71071299,13.22371576,17.88793925,0,0.011615385,20.30709829,1
5/11/2019 10:29,0,0,0,1,0,0,0,0.000918274,0,0,0,64000,0,8,8000,20.22096876,0,0.631316168,1.007564726,0.1,0.04,0.0092333,0.005327894,0.003905406,59.15837551,38.80737075,22.22038747,14.22055091,17.69403291,0,0.033948718,20.30916983,0
5/11/2019 10:30,0,0,1,0,0.003478261,-0.001808318,0,0,0,0,0,17000,0,6,2833.333333,20.2176788,0,0.688317439,0.947571796,0.1,0.06,0.012141191,0.006690554,0.005450637,59.15837551,35.007912,20.0448872,15.14618354,17.51397703,0,0.046615385,20.31280955,0
5/11/2019 10:31,0,1,0,0,0,0.001811594,0,0.000917431,0,0.001013171,0,38000,0,5,7600,20.2198708,0,0.71582304,0.895846325,0.05,0.07,0.014281091,0.008208661,0.00607243,59.15837551,35.007912,20.0448872,16.00569956,17.71225251,0,0.050384615,20.315296,1
5/11/2019 10:32,1,0,0,1,0,0.005424955,0.002881844,0,0.000833333,0,0.000805153,243000,1,38,6394.736842,20.216334,0,0.824295593,1.097614305,0.1,0.08,0.019783508,0.01052363,0.009259878,65.76537551,41.6350909,18.00092989,17.69319822,18.34105377,0,0.069128205,20.32116881,0
5/11/2019 10:33,0,0,1,0,0,0,0.001436782,-0.00091659,0,0,0,107000,0,29,3689.655172,20.21653297,0,0.895895871,1.008425982,0.1,0.09,0.023869065,0.013192717,0.010676348,65.76537551,41.6350909,18.00092989,19.26016126,18.48275765,0,0.078461538,20.32819605,0
5/11/2019 10:34,0,1,0,0,0,0,0,0.000917431,-0.000832639,0.001012146,0.000804505,22000,0,13,1692.307692,20.21960608,0,0.939147626,0.945521056,0.05,0.08,0.026797988,0.015913772,0.010884217,65.76537551,41.6350909,18.00092989,20.71519836,18.61433983,0,0.079,20.33539696,0
5/11/2019 10:35,1,0,0,0,0,0.003597122,0.00143472,0,0,0,0.000803859,24000,0,2,12000,20.21801961,0,1.003743999,0.89223227,0.1,0.08,0.028787338,0.018488485,0.010298853,65.76537551,41.6350909,18.00092989,22.06630425,18.73652328,0,0.071435897,20.34187572,1
5/11/2019 10:36,0,0,0,1,0.001733102,0,0,0,0,0,0,41000,0,19,2157.894737,20.21141813,0,1.142116519,1.027644853,0.15,0.1,0.034006489,0.021592086,0.012414403,71.88330309,48.6745559,15.82981512,24.12718452,19.25312031,0,0.087230769,20.35874311,0
5/11/2019 10:37,0,0,1,0,0,-0.001792115,0,0.001833181,0,0,0.000803213,22000,0,9,2444.444444,20.21553689,0,1.199391363,0.961205035,0.15,0.11,0.037708029,0.024815274,0.012892755,71.88330309,48.6745559,15.82981512,26.04085906,19.73281756,0,0.093871795,20.37501291,0
5/11/2019 10:38,0,1,0,0,0,0.001795332,0,0,0,0,0,80000,0,11,7272.727273,20.22310145,0,1.222740416,0.911982284,0.15,0.12,0.040178375,0.027887894,0.01229048,71.88330309,48.6745559,15.82981512,27.81784257,20.59811864,0,0.092102564,20.39255989,0
5/11/2019 10:39,1,0,0,0,0,0,0,0,0.000833333,-0.001011122,-0.000802568,57000,0,48,1187.5,20.23390793,0,1.214216588,0.874214945,0.1,0.13,0.041655958,0.030641507,0.01101445,71.88330309,55.39402455,13.75739377,30.13162613,21.73347622,0,0.082615385,20.40450743,0
5/11/2019 10:40,0,0,0,0,0,0.001792115,0,0,-0.000832639,0.001012146,0.000803213,19000,0,42,452.3809524,20.24802197,0,1.173222354,0.845251755,0.1,0.13,0.042338896,0.032980985,0.009357911,71.88330309,55.39402455,13.75739377,32.28013944,22.78773683,0,0.07374359,20.41278708,1
5/11/2019 10:41,0,0,0,1,0,-0.001788909,0,0,0,0,0,10000,0,11,909.0909091,20.24914502,0,1.259771577,0.97719225,0.15,0.13,0.046380071,0.035660802,0.010719269,77.66492403,61.27398485,11.94389393,34.78687081,24.02253477,0,0.088487179,20.42469164,0
5/11/2019 10:42,0,0,1,0,0,0,0,0,0,0.001011122,0,15000,0,5,3000,20.25380258,0,1.311562669,0.920726146,0.1,0.12,0.049017687,0.038332179,0.010685508,77.66492403,53.65685668,10.45911746,37.11454995,25.16913285,0,0.094179487,20.43839776,0
5/11/2019 10:43,0,1,0,0,0,0.001792115,0,0,0,0,0,19000,0,8,2375,20.26157723,0,1.332739524,0.877052345,0.1,0.11,0.050525588,0.040770861,0.009754727,77.66492403,47.32166398,9.22422357,39.27596628,26.7482586,0,0.091564103,20.44960937,0
5/11/2019 10:44,1,0,0,-1,0,-0.001788909,0,0,0,0,0.000802568,12000,0,4,3000,20.26657723,0,1.332412912,0.674731575,0.05,0.1,0.047142598,0.042045208,0.00509739,61.79448089,41.98343439,8.183663728,41.28299574,28.21458964,0,0.058282051,20.44967031,1
5/11/2019 10:45,0,0,-1,1,0,0,0,0,0,0,0.000801925,15000,0,16,937.5,20.27880258,0,1.309956346,0.827231447,0.1,0.1,0.047943474,0.043224862,0.004718613,68.68564101,37.43558058,7.297168689,43.14666595,29.57618276,0,0.058384615,20.45577698,0
5/11/2019 10:46,0,-1,1,0,0,0.001792115,-0.001432665,0,0.000833333,0,0,50000,0,7,7142.857143,20.29414502,0,1.25699573,0.801897138,0.05,0.08,0.048024576,0.044184805,0.003839772,68.68564101,37.43558058,7.297168689,44.87721686,31.28520754,1,0.058564103,20.46114271,0
5/11/2019 10:47,-1,1,0,0,0,0,0.00143472,0,0,0,-0.001602564,121000,0,19,6368.421053,20.31302197,0,1.169490091,0.782478708,0.05,0.07,0.04754083,0.04485601,0.00268482,68.68564101,33.25740864,17.64369897,43.86274402,31.56145264,1,0.058769231,20.46585739,0
5/11/2019 10:48,1,0,0,0,0,0,0,0,-0.000832639,0,0.000802568,6000,0,1,6000,20.3363162,0,1.038853398,0.770756925,0.05,0.06,0.04662005,0.045208818,0.001411232,68.68564101,33.25740864,17.64369897,42.92073352,31.81796594,1,0.051282051,20.46940822,0
5/11/2019 10:49,0,0,0,0,0,0,0,0,0.000833333,0,-0.000801925,29000,0,40,725,20.35,0,0.97799511,0.75,0.05,0.06,0.045367359,0.045240526,0.000126833,68.68564101,33.25740864,17.64369897,42.04600949,32.05615687,1,0.044410256,20.47149611,0
5/11/2019 10:50,0,0,0,0,0,0,-0.004297994,0,0,0,0,22000,0,23,956.5217391,20.36653297,0,0.889326917,0.733601127,0.05,0.05,0.043868898,0.0449662,-0.001097302,68.68564101,29.18858532,27.71944605,39.22712329,31.67715391,1,0.038076923,20.47349708,0
5/11/2019 10:51,0,0,0,0,0,0,0.001438849,0,0,0,0,25000,0,31,806.4516129,20.3868975,0,0.763278737,0.72406454,0.05,0.04,0.042194961,0.044411952,-0.002216992,68.68564101,29.18858532,27.71944605,36.60958611,31.32522259,1,0.032307692,20.47535759,0
5/11/2019 10:52,0,0,0,-1,0,0,0.001436782,0,0,0,0,10000,0,9,1111.111111,20.3948708,0,0.709702653,0.379525032,-0.05,0.02,0.036414013,0.042812364,-0.006398352,52.71299937,25.56165831,36.7009123,35.27252789,31.54518523,1,0.004051282,20.47417085,1
5/11/2019 10:53,0,0,-1,1,0,-0.001788909,-0.00143472,0,0.000832639,0,0,15000,0,19,789.4736842,20.40560456,0,0.653515113,0.705544651,-0.05,0.01,0.035458409,0.041341573,-0.005883164,62.18356749,22.54478819,32.36935117,34.03097384,32.08129998,1,0.009025641,20.47578259,0
5/11/2019 10:54,0,-1,1,0,-0.001730104,0,0,0,0,0,-0.000802568,7000,0,14,500,20.41855087,0,0.575745385,0.690842509,0.05,0.01,0.034305633,0.039934385,-0.005628752,62.18356749,22.54478819,32.36935117,32.87810221,32.57912083,1,0.013923077,20.47672707,0
5/11/2019 10:55,-1,1,0,-1,0,0,0.001436782,0,0,0,0,31000,0,45,688.8888889,20.43101021,0,0.478415965,0.193813782,-0.05,-0.01,0.029022909,0.03775209,-0.008729181,50.46238553,19.8304194,40.51201018,32.97778866,33.88232973,1,-0.004384615,20.47568472,1
5/11/2019 10:56,1,0,-1,1,0.001733102,-0.003584229,0,0,0,0.002020202,-0.002409639,27000,0,20,1350,20.43480304,0,0.465733773,0.683449846,-0.05,-0.01,0.028541882,0.035910048,-0.007368167,58.82135132,17.55431923,35.86211393,33.07035464,35.09245229,1,0.002076923,20.47609113,0
5/11/2019 10:57,0,-1,1,0,0,0,0,0.000914913,-0.001663894,-0.001008065,0.001610306,16000,0,34,470.5882353,20.43917424,0,0.447407927,0.663663418,-0.05,-0.01,0.027839745,0.034295988,-0.006456243,58.82135132,15.62317999,31.91694609,33.15630877,36.21613753,1,0.008307692,20.47649075,0
5/11/2019 10:58,-1,1,0,0,0,0,0,-0.000914077,0,0,0,20000,0,43,465.1162791,20.44419873,0,0.422709166,0.644337567,0,-0.01,0.026972375,0.032831265,-0.00585889,58.82135132,13.96832953,28.53621484,33.23612332,37.25955953,1,0.01425641,20.47688369,0
5/11/2019 10:59,1,0,0,0,0,0,-0.00143472,0,0.000833333,0,0,17000,0,43,395.3488372,20.45,0,0.390434358,0.625,0,-0.01,0.025985435,0.031462099,-0.005476664,58.82135132,12.53810004,25.61436681,33.31023682,38.22845139,1,0.012205128,20.47727006,0
5/11/2019 11:00,0,0,0,0,0,0,0,0,0.000832639,0.001009082,0,8000,0,50,160,20.45679286,0,0.348489859,0.605021006,0,-0.01,0.02491606,0.030152891,-0.005236831,58.82135132,12.53810004,25.61436681,33.37905651,39.12813669,1,0.010461538,20.47764998,0
5/11/2019 11:01,0,0,0,0,0,0.001798561,0.001436782,0.000914913,0,-0.002016129,0.000803859,18000,0,50,360,20.45679286,0,0.348489859,0.605021006,0,-0.01,0.023794288,0.028881171,-0.005086883,58.82135132,11.20724845,33.50999991,34.557342,39.21004301,1,0.009025641,20.47814806,0
5/11/2019 11:02,0,0,0,-1,0,0,0.00143472,-0.000914077,0.000831947,0.001010101,0,16000,0,50,320,20.45,0,0.390434358,0.605021006,0,0,0.018655642,0.026836065,-0.008180423,46.56446458,10.05757178,30.07243311,35.65146423,39.28609888,1,-0.01525641,20.47753819,1
5/11/2019 11:03,0,0,-1,1,0,0.001795332,0.001432665,0.000914913,0.000831255,0,0.000803213,6000,0,46,130.4347826,20.45,0,0.390434358,0.625,0,0,0.018405642,0.02514998,-0.006744338,56.35790802,9.057005144,27.08070967,36.66743488,39.35672219,1,-0.00674359,20.47795534,0
5/11/2019 11:04,0,-1,1,0,0,0.003584229,0,-0.000914077,0,0.001009082,0.000802568,63000,0,17,3705.882353,20.45679286,0,0.348489859,0.605021006,0,0,0.018000022,0.023719989,-0.005719967,56.35790802,8.180567555,34.13703855,38.42956709,38.82834519,1,0.001230769,20.47849267,0
5/11/2019 11:05,-1,1,0,0,0.003460208,0,0,0.000914913,0.000830565,0,0,59000,0,2,29500,20.45679286,0,0.348489859,0.605021006,0.05,0.01,0.0174771,0.022471411,-0.004994311,56.35790802,7.408506364,30.91527155,40.06583271,38.33770941,1,0.008692308,20.47909181,1
5/11/2019 11:06,1,0,0,1,-0.001724138,0,0.001430615,0.000914077,0.001659751,0,0,658000,1,43,15302.32558,20.45141101,0,0.42536218,1.130893268,0.05,0.02,0.020856838,0.022148496,-0.001291658,64.48707048,15.95101531,28.06302267,39.16959536,37.22106163,1,0.031051282,20.48185723,0
5/11/2019 11:07,0,0,1,0,0.001727116,0,0,0,0,0,-0.000801925,3000,0,33,90.90909091,20.44775063,0,0.485418923,1.027644853,0.05,0.03,0.023267096,0.022372216,0.00089488,64.48707048,15.95101531,28.06302267,38.33737497,36.1841744,1,0.043948718,20.48641306,0
5/11/2019 11:08,0,1,0,-1,0,0,0,0,0,-0.001008065,0,399000,1,19,21000,20.44114835,0,0.525510106,0.082185489,-0.05,0.02,0.016913115,0.021280396,-0.004367281,45.03112307,13.13922215,40.74383933,39.25831981,36.06821101,1,0.001871795,20.48073262,0
5/11/2019 11:09,1,0,-1,0,0,-0.001785714,0,-0.000913242,-0.001657001,0,-0.001605136,200000,1,26,7692.307692,20.43527238,0,0.55852254,0.128675776,-0.05,0.01,0.011742183,0.019372753,-0.007630571,45.03112307,13.13922215,40.74383933,40.11348288,36.54563577,1,-0.029307692,20.47700373,0
5/11/2019 11:10,0,-1,0,0,0,0,-0.002857143,0,-0.003319502,-0.002018163,0.000803859,0,0,12,0,20.43527238,0,0.55852254,0.128675776,-0.05,0.01,0.011742183,0.019372753,-0.007630571,45.03112307,13.13922215,40.74383933,40.11348288,36.54563577,1,-0.029307692,20.47700373,0
5/11/2019 11:11,-1,0,0,-1,-0.001724138,0,0,-0.001828154,-0.000832639,0,0,174000,1,36,4833.333333,20.4007385,1,0.822665343,-0.301077619,-0.15,-0.03,-0.00042014,0.015414175,-0.015834315,33.35875575,10.90899479,50.80187087,41.86572102,37.46803783,1,-0.088717949,20.46159394,0
5/11/2019 11:12,0,0,-1,0,-0.001727116,-0.001788909,0,0.000915751,0.000833333,0,0,106000,0,16,6625,20.37515255,1,0.999608814,-0.12287826,-0.15,-0.07,-0.009944237,0.010342492,-0.020286729,33.35875575,10.90899479,50.80187087,43.49279929,38.32455403,1,-0.112487179,20.43943747,0
5/11/2019 11:13,0,-1,0,0,0,0,0.00286533,-0.000914913,0,0.001011122,0,4000,0,3,1333.333333,20.35641813,1,1.134027282,-0.027644853,-0.1,-0.1,-0.017292812,0.004815432,-0.022108243,33.35875575,10.90899479,50.80187087,45.00365769,39.1198905,1,-0.118692308,20.42168007,0
5/11/2019 11:14,-1,0,0,0,0,0,-0.001428571,0,0.000832639,0,0,11000,0,10,1100,20.33811422,0,1.240027123,0.046836516,-0.15,-0.12,-0.022853173,-0.000718289,-0.022134884,33.35875575,9.863472324,55.51703942,46.77678822,40.04351252,1,-0.108692308,20.40602514,0
5/11/2019 11:15,0,0,0,0,0,-0.003584229,0.001430615,0.000915751,0.000831947,-0.001010101,0,5000,0,7,714.2857143,20.32231494,0,1.321618559,0.102396887,-0.15,-0.14,-0.026949146,-0.005964461,-0.020984686,33.35875575,9.863472324,55.51703942,48.42326657,40.90116154,1,-0.099153846,20.39437191,0
5/11/2019 11:16,0,0,0,0,0,0,0,-0.000914913,-0.00166251,0,0.000803213,7000,0,37,189.1891892,20.30940912,0,1.399250754,0.141836014,-0.15,-0.14,-0.02985113,-0.010741795,-0.019109335,33.35875575,9.863472324,55.51703942,49.95213932,42.25474066,1,-0.090076923,20.38360433,0
5/11/2019 11:17,0,0,0,0,0.001730104,0,0.001428571,0.000915751,0,0,0,0,0,40,0,20.30940912,0,1.399250754,0.141836014,-0.15,-0.14,-0.02985113,-0.010741795,-0.019109335,33.35875575,9.863472324,55.51703942,49.95213932,42.25474066,1,-0.090076923,20.38360433,0
5/11/2019 11:18,0,0,0,-1,0.001727116,0,0.001426534,0,0,0.001011122,0.000802568,19000,0,40,475,20.28669564,0,1.524318107,0.042695738,-0.25,-0.16,-0.035773183,-0.015748072,-0.020025111,27.74870283,8.809012775,60.27251306,51.7053267,43.67839546,1,-0.104538462,20.35751978,1
5/11/2019 11:19,0,0,-1,1,0.001724138,0,0,0,0.000832639,0,-0.000801925,79000,0,39,2025.641026,20.2765702,0,1.550572989,0.231742379,-0.2,-0.18,-0.036016694,-0.019801797,-0.016214897,38.82761698,7.899545865,54.04981165,53.3332864,45.00036064,1,-0.086846154,20.35495365,0
5/11/2019 11:20,0,-1,1,0,-0.00172117,-0.001798561,0,0,0,0,0,5000,0,8,625,20.2678911,0,1.562686545,0.257219048,-0.1,-0.17,-0.035797031,-0.023000843,-0.012796188,38.82761698,7.899545865,54.04981165,54.84496327,46.63726518,1,-0.070230769,20.3536657,0
5/11/2019 11:21,-1,1,0,0,0,0,0,-0.000914913,0,0,0,4000,0,26,153.8461538,20.26062623,0,1.560957635,0.280390468,-0.1,-0.16,-0.035216988,-0.025444072,-0.009772915,38.82761698,7.899545865,54.04981165,56.24866322,48.15724797,1,-0.054692308,20.35310974,0
5/11/2019 11:22,1,0,0,0,0,-0.001801802,0,0,-0.000831947,0.001010101,0,1000,0,29,34.48275862,20.2547819,0,1.545309031,0.30186168,-0.1,-0.13,-0.034361204,-0.027227499,-0.007133706,38.82761698,7.899545865,54.04981165,57.55209889,48.36084713,1,-0.047923077,20.35263809,0
5/11/2019 11:23,0,0,0,0,0,0,-0.001424501,0,0,0,0,14000,0,55,254.5454545,20.25040375,0,1.515278102,0.322117287,-0.1,-0.08,-0.033299138,-0.028441827,-0.004857312,38.82761698,7.899545865,54.04981165,58.76243201,48.54990349,1,-0.041538462,20.35212367,0
5/11/2019 11:24,0,0,0,0,-0.001724138,0,0,0.000915751,0,0.001009082,0,12000,0,42,285.7142857,20.24508067,0,1.518816999,0.338625694,0,-0.04,-0.032087558,-0.029170973,-0.002916585,38.82761698,6.871866177,60.02763316,60.24055477,49.74943729,1,-0.035564103,20.35170955,0
5/11/2019 11:25,0,0,0,0,0,0,0,-0.000914913,0,0,0,172000,1,49,3510.204082,20.24325188,0,1.463754964,0.357619643,0,-0.02,-0.030772644,-0.029491307,-0.001281337,38.82761698,6.027420321,52.65116732,61.61309733,50.86329011,1,-0.030025641,20.35148036,1
5/11/2019 11:26,0,0,0,1,0,0,0,0.000915751,0,0,0,27000,0,32,843.75,20.24652128,0,1.382991753,0.544332931,0.05,0.01,-0.025403151,-0.028673676,0.003270525,51.3578029,17.01007148,46.49778294,60.5287045,51.19721276,1,-0.001871795,20.35891427,0
5/11/2019 11:27,0,0,1,0,0,0,0.001426534,0.000914913,-0.000832639,0,-0.000802568,3000,0,11,272.7272727,20.25106561,0,1.289678835,0.566573137,0.05,0.02,-0.020906789,-0.027120298,0.00621351,51.3578029,17.01007148,46.49778294,59.5217683,51.5072838,1,0.016282051,20.36392159,0
5/11/2019 11:28,0,1,0,0,0,0,0.001424501,0.000914077,0,0,0,5000,0,2,2500,20.26776195,0,1.052643465,0.616563101,0.1,0.04,-0.017145744,-0.025125387,0.007979644,51.3578029,17.01007148,46.49778294,58.58675611,51.7952069,1,0.025128205,20.36787894,0
5/11/2019 11:29,1,0,0,0,0.001727116,0,0.001422475,-0.000913242,0.001666667,0,0,78000,0,16,4875,20.2948708,0,0.713187139,0.723739227,0.05,0.05,-0.014003663,-0.022901043,0.008897379,51.3578029,17.01007148,46.49778294,57.71853051,52.24765936,1,0.025333333,20.37190554,0
5/11/2019 11:30,0,0,0,0,0,-0.001805054,0,0.000914077,-0.000831947,0,0.000803213,5000,0,6,833.3333333,20.30096876,0,0.628836164,0.773304083,0.05,0.06,-0.011382333,-0.020597301,0.009214968,51.3578029,14.6993716,53.76568696,57.67150857,53.04738757,1,0.025307692,20.37378386,0
5/11/2019 11:31,0,0,0,0,0.001724138,0.003616637,0,-0.000913242,0,0,-0.000802568,13000,0,5,2600,20.30888097,0,0.526644827,0.849689303,0.05,0.06,-0.009198871,-0.018317615,0.009118743,51.3578029,14.6993716,53.76568696,57.62784535,53.78999233,1,0.025025641,20.37574692,0
5/11/2019 11:32,0,0,0,0,0.00172117,0.001801802,0,0,-0.000832639,0,0,7000,0,0,0,20.30932236,0,0.546797384,0.814309279,0.05,0.06,-0.007383352,-0.016130762,0.008747411,51.3578029,14.6993716,53.76568696,57.58730092,54.64631381,1,0.024461538,20.37710898,0
5/11/2019 11:33,0,0,0,0,-0.001718213,-0.001798561,-0.001420455,-0.000914077,0.000833333,0,0,19000,0,4,4750,20.31027238,0,0.56195032,0.783953818,0.05,0.05,-0.005876795,-0.014079969,0.008203174,51.3578029,14.6993716,53.76568696,57.54965253,55.44146946,1,0.023589744,20.37925158,0
5/11/2019 11:34,0,0,0,0,0,0,0,0,-0.000832639,0,0.000803213,3000,0,4,750,20.31169048,0,0.572503868,0.757247878,0.05,0.05,-0.004629472,-0.012189869,0.007560397,51.3578029,14.6993716,53.76568696,57.5146933,56.17982829,1,0.022333333,20.38119363,1
5/11/2019 11:35,0,0,0,1,0,0,0,0.000914913,0,0,-0.000802568,176000,1,19,9263.157895,20.30791796,0,0.658474006,1.059016994,0.1,0.06,0.000389136,-0.009674068,0.010063205,65.23282469,28.72434478,44.92563113,54.97776381,55.61321352,1,0.043717949,20.38763391,0
5/11/2019 11:36,0,0,1,0,0,-0.001801802,0,-0.000914077,0.001666667,0,0.000803213,211000,1,26,8115.384615,20.30651531,0,0.721145165,0.976289672,0.05,0.06,0.00431666,-0.006875923,0.011192583,65.23282469,28.72434478,44.92563113,52.62204357,55.08707123,1,0.05525641,20.39420106,0
5/11/2019 11:37,0,1,0,0,0,0.001805054,0,0,0,0.001008065,0,10000,0,4,2500,20.3068975,0,0.766274189,0.91611986,0.05,0.06,0.007344587,-0.004031821,0.011376408,65.23282469,24.1241947,53.74568827,51.58044978,55.17144089,1,0.05774359,20.39942384,0
5/11/2019 11:38,1,0,0,0,0.003442341,0,0,0.001829826,-0.000831947,0,0.000802568,58000,0,5,11600,20.3198708,0,0.712312813,0.895846325,0.05,0.06,0.009633195,-0.001298818,0.010932013,65.23282469,24.1241947,53.74568827,50.61325554,55.42690515,1,0.052051282,20.40356602,0
5/11/2019 11:39,0,0,0,0,0,0.001801802,0.00284495,0,0,-0.001007049,0,12000,0,3,4000,20.32350676,0,0.725512861,0.854762124,0.05,0.06,0.011316485,0.001224243,0.010092242,65.23282469,24.1241947,53.74568827,49.7151466,55.66412197,1,0.046615385,20.40742933,0
5/11/2019 11:40,0,0,0,0,-0.001715266,0,-0.004255319,-0.000913242,0,0,0,52000,0,40,1300,20.32850676,0,0.725335061,0.820975255,0.05,0.05,0.012506338,0.003480662,0.009025676,65.23282469,24.1241947,53.74568827,48.8811883,54.7049464,1,0.041487179,20.41274215,0
5/11/2019 11:41,0,0,0,0,0,0.001798561,0,0,0,0,0,43000,0,45,955.5555556,20.3348708,0,0.711789246,0.792582066,0.05,0.05,0.013296038,0.005443737,0.0078523,65.23282469,24.1241947,53.74568827,48.10679846,53.81428338,1,0.036666667,20.41681071,0
5/11/2019 11:42,0,0,0,0,0.001718213,0,0,0,0,0.001008065,0.000801925,11000,0,55,200,20.3426788,0,0.68410239,0.768543078,0.05,0.05,0.013763226,0.007107635,0.006655591,65.23282469,24.1241947,53.74568827,47.38772217,52.98723914,1,0.032153846,20.42285116,0
5/11/2019 11:43,0,0,0,0,-0.001715266,0,0.001424501,0.000914077,0.000832639,0,-0.000801282,10000,0,38,263.1578947,20.35211652,0,0.640465132,0.748533712,0.05,0.05,0.013972411,0.00848059,0.005491821,65.23282469,24.1241947,53.74568827,46.72000847,52.21926949,1,0.027948718,20.42638051,0
5/11/2019 11:44,0,0,0,0,0,0,0,-0.000913242,-0.000831947,0,0,8000,0,38,210.5263158,20.36355087,0,0.57729593,0.733251956,0.05,0.05,0.013977072,0.009579887,0.004397186,65.23282469,24.1241947,53.74568827,46.09998861,51.88574859,1,0.024128205,20.43098631,0
5/11/2019 11:45,0,0,0,0,0,0.001795332,0,0,0,0,0,28000,0,37,756.7567568,20.37775063,0,0.487082334,0.726133508,0.05,0.04,0.013821442,0.010428198,0.003393244,65.23282469,24.1241947,53.74568827,45.52425589,51.57605062,1,0.020666667,20.43321091,0
5/11/2019 11:46,0,0,0,0,0,0,0.001422475,0,0.001665279,0,0,52000,0,46,1130.434783,20.38101021,0,0.479586832,0.704124145,0.05,0.03,0.013541999,0.011050958,0.002491042,65.23282469,18.38704725,64.74575728,46.25571197,51.92150644,1,0.017538462,20.43419307,0
5/11/2019 11:47,0,0,0,0,0.001718213,0,0,0.000914077,-0.000831255,0,0.000801925,3000,0,44,68.18181818,20.38480304,0,0.466873462,0.683449846,0,0.02,0.013168738,0.011474514,0.001694224,65.23282469,18.38704725,64.74575728,46.93492119,52.24228686,1,0.014717949,20.43604248,0
5/11/2019 11:48,0,0,0,0,0,0,0,0,0,0,0,16000,0,44,363.6363636,20.38917424,0,0.448502637,0.663663418,0,0.01,0.012726226,0.011724857,0.00100137,65.23282469,18.38704725,64.74575728,47.56561546,52.54015438,1,0.012205128,20.43749407,0
5/11/2019 11:49,0,0,0,0,-0.001715266,0,0,0,0,0,0.000801282,8000,0,43,186.0465116,20.39419873,0,0.423743317,0.644337567,0,0.01,0.012234501,0.011826785,0.000407715,65.23282469,18.38704725,64.74575728,48.15126015,51.56451198,1,0.01,20.43879468,0
5/11/2019 11:50,0,0,0,0,0,0.001792115,0,0,0,0,-0.000800641,10000,0,32,312.5,20.4,0,0.391389432,0.625,0,0.01,0.011709821,0.011803393,-9.36E-05,65.23282469,13.93088786,73.28973515,49.57302565,51.09753461,1,0.008102564,20.43996004,0
5/11/2019 11:51,0,0,0,0,0,0,0,0,0,0,0,6000,0,7,857.1428571,20.40679286,0,0.349342225,0.605021006,0,0,0.011165302,0.011675774,-0.000510472,65.23282469,13.93088786,73.28973515,50.89323647,51.23684313,1,0.006512821,20.44113471,0
5/11/2019 11:52,0,0,0,0,0,0,0,0,0,0,0,11000,0,4,2750,20.415,0,0.293470286,0.583333333,0,0,0.010611445,0.011462908,-0.000851464,65.23282469,13.93088786,73.28973515,52.11914652,51.36620103,1,0.005153846,20.4418262,0
5/11/2019 11:53,0,0,0,0,0,-0.001788909,0,0.000913242,0,0.001007049,0,21000,0,10,2100,20.42570551,0,0.213175153,0.557353933,0,0,0.010056583,0.011181643,-0.001125061,65.23282469,10.69391245,79.49612136,53.84533765,51.78024213,1,0.003974359,20.44246376,0
5/11/2019 11:54,0,0,0,0,0.001718213,0,0,-0.000912409,0.000831947,0,0.000801282,12000,0,10,1200,20.45,0,6.95E-14,0.75,0,0,0.009507257,0.010846766,-0.001339509,65.23282469,10.69391245,79.49612136,55.44822941,52.16470886,1,0.002948718,20.44305159,1
5/11/2019 11:55,0,0,0,1,0,0.003584229,0,0,-0.000831255,0,0,12000,0,16,750,20.43070551,0,0.213123038,1.589724736,0.05,0.01,0.012957132,0.011268839,0.001688293,84.58752682,29.65155987,62.62090623,54.03981497,51.07330671,1,0.025153846,20.44305159,0
5/11/2019 11:56,0,0,1,0,0,-0.003571429,0,0,0,0,0,15000,0,11,1363.636364,20.425,0,0.293326815,1.25,0.05,0.02,0.015512367,0.012117545,0.003394822,84.58752682,24.13430695,50.96906129,52.73200156,50.05986186,1,0.037974359,20.44749356,0
5/11/2019 11:57,0,1,0,-1,0,0,0,0,-0.000831947,0,0,12000,0,16,750,20.425,0,0.293326815,0.416666667,0.05,0.02,0.013348948,0.012363825,0.000985123,51.4011757,20.10551196,42.46067946,51.51760339,49.11880593,1,0.019025641,20.44768907,0
5/11/2019 11:58,1,0,-1,0,0,0.001792115,0,0.000913242,0,-0.002012072,0,14000,0,13,1076.923077,20.425,0,0.293326815,0.416666667,0.05,0.02,0.011501837,0.012191428,-0.000689591,51.4011757,17.04184454,35.99054328,50.38994795,48.24496828,1,0.001589744,20.44786932,1
5/11/2019 11:59,0,-1,0,1,0,0,0,0.000912409,0,0.002016129,0,33000,0,8,4125,20.42179286,0,0.349086077,1.095119036,0.05,0.03,0.013912199,0.012535582,0.001376617,66.59901427,14.63948994,30.91702867,49.34283933,47.43354761,1,0.016384615,20.44990241,0
5/11/2019 13:00,-1,0,1,-1,0,0.001788909,0,-0.004557885,0.002497918,-0.001006036,-0.000800641,44000,0,14,3142.857143,20.42179286,0,0.349086077,0.394978994,0.05,0.01,0.009751082,0.011837551,-0.002086469,49.82063503,11.13014272,35.04763579,49.68055127,48.30773623,1,-0.001512821,20.44990681,0
5/11/2019 13:01,0,1,-1,0,0,-0.003571429,0.001420455,0.000915751,0,-0.001007049,0.000801282,5000,0,6,833.3333333,20.42179286,0,0.349086077,0.394978994,0.05,0.01,0.00814945,0.011099931,-0.00295048,49.82063503,9.816156462,30.91003281,49.83153888,48.69857717,1,-0.009384615,20.44990862,0
5/11/2019 13:02,1,-1,0,-1,-0.001715266,0,-0.00141844,0.000914913,0.000830565,0,0,116000,0,14,8285.714286,20.41141101,1,0.426193981,-0.130893268,-0.05,0.01,0.002813136,0.009442572,-0.006629436,37.89632307,8.708922953,38.70317742,50.79091953,49.47108984,1,-0.032,20.4489354,0
5/11/2019 13:03,-1,0,-1,0,0.001718213,0.001792115,-0.001420455,0,-0.000829876,0,0,2000,0,4,500,20.40275063,1,0.486486951,-0.027644853,-0.05,-0.02,-0.001399796,0.007274098,-0.008673894,37.89632307,8.708922953,38.70317742,51.68177299,50.62739932,1,-0.045076923,20.44740862,0
5/11/2019 13:04,0,-1,0,-1,0.001715266,0.001788909,0.001422475,0,0,0.003024194,-0.000800641,55000,0,12,4583.333333,20.38060456,1,0.654314129,-0.228749215,-0.15,-0.05,-0.008673178,0.004084643,-0.012757821,29.66250507,7.701437241,45.79425783,53.07645089,51.98484368,1,-0.072384615,20.44436947,0
5/11/2019 13:05,-1,0,-1,0,0,0,0,0,0,0,0.000801282,3000,0,4,750,20.3632851,1,0.775002055,-0.083854823,-0.15,-0.08,-0.014272857,0.000413143,-0.014686,29.66250507,7.701437241,45.79425783,54.37150894,53.24532773,1,-0.081974359,20.44068906,0
5/11/2019 13:06,0,-1,0,0,0,0,0,0,0.000830565,0.001005025,0,13000,0,1,13000,20.3487588,0,0.868415381,0.006993351,-0.1,-0.1,-0.018497417,-0.003368969,-0.015128447,29.66250507,7.701437241,45.79425783,55.57406284,54.70970024,1,-0.082871795,20.44068906,0
5/11/2019 13:07,-1,0,0,0,0,0.001785714,0,0.000914077,0,0,0,16000,0,3,5333.333333,20.3361932,0,0.942682505,0.071681341,-0.1,-0.11,-0.02159646,-0.007014467,-0.014581992,29.66250507,7.701437241,45.79425783,56.69072004,56.06947472,1,-0.07574359,20.43715219,0
5/11/2019 13:08,0,0,0,0,0.001712329,0.001782531,0,-0.000913242,0.000829876,0,0,6000,0,1,6000,20.32515255,0,1.002055537,0.121387724,-0.15,-0.13,-0.023778371,-0.010367248,-0.013411123,29.66250507,7.701437241,45.79425783,57.727616,55.88371549,1,-0.068923077,20.43375325,0
5/11/2019 13:09,0,0,0,-1,0.001709402,0,-0.001420455,0.000914077,-0.001658375,0,0,21000,0,4,5250,20.30424163,1,1.133774427,-0.018321055,-0.15,-0.13,-0.029205472,-0.014134893,-0.015070579,22.56180154,6.596121159,53.57390683,59.18100488,55.95650322,1,-0.085487179,20.4233205,1
5/11/2019 13:10,0,0,-1,1,0,0,0.001422475,0,-0.000830565,0,0,5000,0,8,625,20.29625658,0,1.16329582,0.226300626,-0.1,-0.12,-0.029136044,-0.017135123,-0.012000921,38.43347964,5.713099812,46.40197923,60.53058028,56.02409183,1,-0.06974359,20.4167845,0
5/11/2019 13:11,0,-1,1,0,-0.001706485,0,0,-0.000913242,0,0.001004016,0.000800641,89000,0,9,9888.888889,20.28916954,0,1.184031943,0.251718233,-0.1,-0.12,-0.028749614,-0.019458021,-0.009291593,38.43347964,5.713099812,46.40197923,61.78375742,56.08685269,1,-0.055,20.40897071,0
5/11/2019 13:12,-1,1,0,0,0,0,0,0,0,0,-0.0008,0,0,4,0,20.28916954,0,1.184031943,0.251718233,-0.1,-0.12,-0.028749614,-0.019458021,-0.009291593,38.43347964,5.713099812,46.40197923,61.78375742,56.08685269,1,-0.055,20.40897071,0
5/11/2019 13:13,1,0,0,0,0,0,0,0,0,0.001003009,0.002401922,37000,0,9,4111.111111,20.28293444,0,1.196427897,0.274711222,-0.05,-0.11,-0.028119224,-0.021190262,-0.006928963,38.43347964,18.38449959,40.16592705,60.02785633,54.68534783,1,-0.041230769,20.39977128,0
5/11/2019 13:14,0,0,0,-1,0,0,0,0.000914077,-0.000831255,-0.001002004,0.001597444,13000,0,9,1444.444444,20.26914502,0,1.258536355,0.120193924,-0.1,-0.1,-0.031293486,-0.023210907,-0.00808258,30.60016711,16.06012163,47.73083246,59.28641316,54.40218119,1,-0.059179487,20.38420696,1
5/11/2019 13:15,0,0,-1,1,-0.001709402,0,0,-0.000913242,0,0,-0.000797448,1000,0,11,90.90909091,20.26916954,0,1.185193327,0.334478822,-0.1,-0.07,-0.029435219,-0.024455769,-0.00497945,43.09123557,26.11946536,42.01077592,56.71773364,53.19914245,1,-0.044820513,20.3794636,0
5/11/2019 13:16,0,-1,1,0,0,0,0,-0.001828154,0.000831947,-0.001003009,0.000798085,221000,1,10,22100,20.2717074,0,1.087134542,0.353329553,-0.1,-0.05,-0.027643867,-0.025093389,-0.002550479,43.09123557,34.56446532,37.20868559,52.9296195,51.38057919,1,-0.031461538,20.37691008,1
5/11/2019 13:17,-1,1,0,1,0.001712329,0,-0.001420455,-0.000915751,0,0.001004016,-0.000797448,347000,1,28,12392.85714,20.2717074,0,1.087134542,0.804623236,0.1,-0.01,-0.017948149,-0.023664341,0.005716192,59.85228913,43.22236954,27.17357203,50.77735394,50.78413673,1,0.050153846,20.38324454,0
5/11/2019 13:18,1,0,1,0,-0.003418803,-0.001779359,0,0,0,0,0.000798085,6000,0,6,1000,20.2717074,0,1.087134542,0.804623236,0.1,0.02,-0.010147251,-0.020960923,0.010813672,59.85228913,43.22236954,27.17357203,48.77882163,50.23029731,1,0.094512821,20.38741008,0
5/11/2019 13:19,0,1,0,0,0,0,0.001422475,0,0,-0.001003009,-0.001594896,1000,0,12,83.33333333,20.27801961,0,1.000788913,0.843203236,0.1,0.06,-0.003919798,-0.017552698,0.0136329,59.85228913,43.22236954,27.17357203,46.92304163,49.99974626,1,0.112025641,20.3913157,0
5/11/2019 13:20,1,0,0,0,-0.001715266,0.001782531,0,0,0,0,0.000798722,5000,0,1,5000,20.27801961,0,1.000788913,0.843203236,0.15,0.09,0.00100393,-0.013841372,0.014845303,59.85228913,43.22236954,27.17357203,45.19981734,49.78566314,1,0.104692308,20.39436728,0
5/11/2019 13:21,0,0,0,0,0.001718213,-0.001779359,-0.001420455,0,-0.000831255,-0.001004016,-0.000798085,12000,0,10,1200,20.27801961,0,1.000788913,0.843203236,0.1,0.11,0.004850111,-0.010103076,0.014953187,59.85228913,43.22236954,27.17357203,43.5996805,49.58687167,1,0.097435897,20.39762179,0
5/11/2019 13:22,0,0,0,0,-0.001715266,0.001782531,0.001422475,0,0,0,-0.000798722,5000,0,13,384.6153846,20.27801961,0,1.000788913,0.843203236,0.1,0.11,0.007808229,-0.006520815,0.014329044,59.85228913,43.22236954,27.17357203,42.11383916,49.4022796,1,0.090205128,20.40068592,0
5/11/2019 13:23,0,0,0,0,0,-0.001779359,0,0.00091659,0.000831947,0,-0.000799361,10000,0,9,1111.111111,20.2763162,0,1.041911472,0.817845086,0.1,0.11,0.01003686,-0.00320928,0.01324614,59.85228913,43.22236954,27.17357203,40.73412933,49.23087267,1,0.083051282,20.40321018,0
5/11/2019 13:24,0,0,0,-1,0,0,0,0.000915751,0,0,0.0016,10000,0,6,1666.666667,20.2763162,0,1.041911472,0.582404282,0.1,0.11,0.007679955,-0.001031433,0.008711388,47.9819563,37.55119227,36.72907736,37.90360397,48.54230443,1,0.052948718,20.40299556,0
5/11/2019 13:25,0,0,-1,-1,0,0,0,0,0,0,-0.000798722,241000,1,25,9640,20.2763162,0,1.041911472,0.346963477,0.1,0.08,0.001757251,-0.000473696,0.002230947,39.53743068,29.27729272,39.65314646,36.27139256,48.40098642,1,-0.013692308,20.39989532,1
5/11/2019 13:26,0,-1,-1,1,0,0,-0.002840909,0,0,0.001005025,0,13000,0,1,13000,20.27964346,0,1.03366728,0.57118685,0.05,0.07,0.001085535,-0.00016185,0.001247385,49.17111802,26.17215617,35.4475515,34.75576767,48.26976255,1,-0.029230769,20.39990144,0
5/11/2019 13:27,-1,-1,1,0,0,0,0.001424501,0,0,0,0.000799361,0,0,3,0,20.27964346,0,1.03366728,0.57118685,0.05,0.07,0.001085535,-0.00016185,0.001247385,49.17111802,26.17215617,35.4475515,34.75576767,48.26976255,1,-0.029230769,20.39990144,0
5/11/2019 13:28,-1,1,0,-1,0,0,0,0,0,0,0,48000,0,13,3692.307692,20.2717074,0,1.087134542,0.127682712,-0.15,0.02,-0.007430317,-0.001615543,-0.005814774,36.60801742,21.30526706,47.45151504,34.98943818,47.50864726,1,-0.074461538,20.39405721,1
5/11/2019 13:29,1,0,-1,1,0.001718213,0,0.001422475,0,0,0,0,13000,0,4,3250,20.2717074,0,1.087134542,0.353329553,-0.1,-0.02,-0.010029001,-0.003298235,-0.006730766,44.27448856,19.36612606,43.13262158,35.20641794,47.24641555,1,-0.070025641,20.39194847,0
5/11/2019 13:30,0,-1,1,0,-0.001715266,0,0,0,0.000831255,0.002008032,0,8000,0,8,1000,20.2717074,0,1.087134542,0.353329553,-0.1,-0.06,-0.011950716,-0.005028731,-0.006921985,44.27448856,19.36612606,43.13262158,35.40789915,46.06281639,1,-0.065846154,20.39010798,0
5/11/2019 13:31,-1,1,0,-1,0,-0.001782531,0,0,-0.000830565,-0.001002004,0.000798722,2000,0,5,400,20.2717074,0,1.087134542,0.127682712,-0.15,-0.09,-0.017308747,-0.007484734,-0.009824013,38.82845132,17.51705782,48.56229103,36.23460264,44.58211107,1,-0.07725641,20.38571522,0
5/11/2019 13:32,1,0,-1,0,0,0,0,0,0,-0.001003009,0,86000,0,6,14333.33333,20.26424163,0,1.135999696,0.15445263,-0.15,-0.13,-0.021309384,-0.010249664,-0.01105972,38.82845132,15.88381866,44.03448524,37.00225589,43.88980491,1,-0.087538462,20.3815366,0
5/11/2019 13:33,0,-1,0,0,0,0,0,0,0,0,0,64000,0,12,5333.333333,20.25718791,0,1.180832724,0.177920991,-0.15,-0.13,-0.024200944,-0.01303992,-0.011161024,38.82845132,14.43446613,40.01646578,37.71507676,43.24694919,1,-0.089,20.37633308,0
5/11/2019 13:34,-1,0,0,0,0,-0.001785714,-0.001420455,0,0,0,-0.000798085,13000,0,12,1083.333333,20.250501,0,1.222076034,0.198792752,-0.15,-0.14,-0.026190617,-0.01567006,-0.010520558,38.82845132,14.43446613,40.01646578,38.37698185,42.65001174,1,-0.082282051,20.37200291,1
5/11/2019 13:35,0,0,0,1,-0.001718213,0,0.001422475,-0.000914913,0,0,0,56000,0,14,4000,20.25718791,0,1.180832724,0.3857139,-0.05,-0.13,-0.023462406,-0.017228529,-0.006233877,47.51249014,22.62290139,36.18697714,37.28321752,41.24151743,1,-0.052641026,20.37075475,0
5/11/2019 13:36,0,0,1,0,0,-0.001788909,0,0,0.000831255,0,0.000798722,13000,0,36,361.1111111,20.25718791,0,1.180832724,0.3857139,-0.05,-0.1,-0.02105754,-0.017994331,-0.003063209,47.51249014,20.50923607,32.80601563,36.26757921,39.93362986,1,-0.032692308,20.36957739,0
5/11/2019 13:37,0,1,0,0,0.00172117,0,0,0,0,0,0,3000,0,9,333.3333333,20.25718791,0,1.180832724,0.3857139,-0.05,-0.08,-0.018933414,-0.018182148,-0.000751266,47.51249014,20.50923607,32.80601563,35.32448649,38.71916282,1,-0.021666667,20.36850846,0
5/11/2019 13:38,1,0,0,0,0,0,0.001420455,0.000915751,-0.000830565,0,-0.000798085,0,0,3,0,20.25718791,0,1.180832724,0.3857139,-0.05,-0.08,-0.018933414,-0.018182148,-0.000751266,47.51249014,20.50923607,32.80601563,35.32448649,38.71916282,1,-0.021666667,20.36850846,0
5/11/2019 13:39,0,0,0,-1,0,0,0,0,0,0,0.000798722,265000,1,35,7571.428571,20.25,0,1.17820324,0.208333333,-0.05,-0.05,-0.021042051,-0.018754128,-0.002287923,40.35691858,18.50417746,39.37514753,35.37698436,38.05555684,1,-0.042,20.36423354,0
5/11/2019 13:40,0,0,-1,0,0,0.003584229,0,0,0,-0.001004016,-0.000798085,13000,0,13,1000,20.24470781,0,1.156952141,0.234702275,-0.05,-0.03,-0.022454322,-0.019494167,-0.002960155,40.35691858,16.74155953,35.62446253,35.42573237,36.66466817,1,-0.052769231,20.35978001,0
5/11/2019 13:41,0,-1,0,0,0,0,-0.00141844,0,0,-0.001005025,0,35000,0,18,1944.444444,20.24142183,0,1.115973146,0.257876001,-0.05,-0.03,-0.023304912,-0.020256316,-0.003048596,40.35691858,15.18395244,41.61385638,36.21913122,36.24526189,1,-0.054692308,20.35511717,0
5/11/2019 13:42,-1,0,0,-1,-0.001718213,0,0.001420455,0,-0.000831255,0,0,25000,0,15,1666.666667,20.23142183,0,1.11652167,0.081785819,-0.05,-0.04,-0.02769435,-0.021743923,-0.005950427,33.96758878,20.99606043,34.66693839,35.38634196,35.07105482,1,-0.094512821,20.345096,1
5/11/2019 13:43,0,0,-1,1,0,0.001785714,0,0,0,0.001006036,0,19000,0,7,2714.285714,20.2370437,0,1.012353013,0.548564293,0.05,-0.02,-0.022840555,-0.021963249,-0.000877306,50.75875934,17.79660507,29.38426538,34.61303765,34.80123792,1,-0.069205128,20.34570802,0
5/11/2019 13:44,0,-1,1,-1,0.00172117,0,-0.002836879,0,0,0,0.000798722,74000,0,24,3083.333333,20.24153297,0,0.894794314,0.321363844,0.05,-0.02,-0.022766037,-0.022123807,-0.00064223,44.64570582,16.44707777,27.15603881,33.89496937,34.55069365,1,-0.068487179,20.34095438,0
5/11/2019 13:45,-1,1,-1,0,0,0,-0.001422475,0,0,0,-0.000798085,6000,0,12,500,20.25083802,0,0.729761229,0.331450034,0.05,-0.01,-0.022448212,-0.022188688,-0.000259524,44.64570582,16.44707777,27.15603881,33.22819167,34.31804541,1,-0.059948718,20.33702276,0
5/11/2019 13:46,1,-1,0,0,0,0,0,0,0,-0.00201005,0,31000,0,4,7750,20.2536675,0,0.652878896,0.349244328,-0.05,-0.01,-0.021943383,-0.022139627,0.000196243,44.64570582,16.44707777,27.15603881,32.60904096,34.4218218,1,-0.059769231,20.33457926,0
5/11/2019 13:47,-1,0,0,-1,-0.001718213,-0.001782531,0.001424501,-0.000914913,0.000831947,0,0.000798722,41000,0,8,5125,20.24358572,0,0.703069498,0.044908973,-0.1,-0.02,-0.0252864,-0.022768981,-0.002517418,38.80823011,15.02413319,33.45824771,32.99570205,34.99897897,1,-0.075102564,20.32853184,1
5/11/2019 13:48,0,0,-1,1,0,-0.001785714,0,0,-0.000831255,0,0,8000,0,2,4000,20.25,0,0.59084195,0.416666667,-0.05,-0.04,-0.023628804,-0.022940946,-0.000687858,46.36106854,22.26667741,30.60658114,31.7655367,34.74030673,1,-0.058589744,20.32649182,0
5/11/2019 13:49,0,-1,1,-1,0,0,0,-0.000915751,0,-0.001007049,-0.000798085,123000,0,23,5347.826087,20.24211652,0,0.643934351,0.06028651,-0.05,-0.05,-0.026049447,-0.023562646,-0.002486801,40.92162212,20.39471203,28.03347788,30.6232403,34.50011107,1,-0.066615385,20.32284571,0
5/11/2019 13:50,-1,1,-1,0,0,0,0,0,0.000831947,0.001008065,0,8000,0,5,1600,20.23560456,0,0.658987226,0.107596576,-0.05,-0.06,-0.027649103,-0.024379938,-0.003269166,40.92162212,18.70152797,34.00819169,30.51011933,33.89666843,1,-0.066538462,20.31940209,0
5/11/2019 13:51,1,-1,0,0,0.00172117,0,0,0.001833181,0,0,0,7000,0,3,2333.333333,20.23060456,0,0.659149558,0.144968331,-0.05,-0.06,-0.028587305,-0.025221411,-0.003365894,40.92162212,17.16670523,31.2171606,30.40507844,33.33632882,1,-0.066717949,20.31579318,0
5/11/2019 13:52,-1,0,0,0,-0.001718213,0.001788909,0,-0.000914913,0,0.001007049,0.000798722,10000,0,17,588.2352941,20.225,0,0.68982508,0.178571429,-0.05,-0.04,-0.028996583,-0.025976446,-0.003020137,40.92162212,15.772678,28.68216212,30.30754047,32.81601348,1,-0.059410256,20.31271406,0
5/11/2019 13:53,0,0,0,0,0,-0.001785714,0,0,0,0,-0.000798085,17000,0,24,708.3333333,20.2198708,0,0.71582304,0.207417934,-0.1,-0.05,-0.028986796,-0.026578516,-0.002408281,40.92162212,14.50425418,26.37556981,30.21696949,32.79697692,1,-0.05274359,20.30945293,0
5/11/2019 13:54,0,0,0,0,0,0,0,0.000915751,0,0,0,4000,0,5,800,20.21516685,0,0.737635759,0.232738758,-0.05,-0.05,-0.028648795,-0.026992572,-0.001656224,40.92162212,14.50425418,26.37556981,30.13286787,32.77930012,1,-0.046666667,20.30636138,0
5/11/2019 13:55,0,0,0,0,0.00172117,0.001788909,0,-0.000914913,0,0,0,10000,0,12,833.3333333,20.21085145,0,0.755623399,0.255376973,-0.05,-0.05,-0.028057497,-0.027205557,-0.000851941,40.92162212,14.50425418,26.37556981,30.05477351,33.13695236,1,-0.041025641,20.30391905,0
5/11/2019 13:56,0,0,0,-1,-0.001718213,0.001785714,0,0,0,0,0,65000,0,4,16250,20.2,0,0.788954635,0.255376973,-0.1,-0.06,-0.03126309,-0.028017063,-0.003246027,34.18386677,13.180396,33.09555022,30.98197897,33.18416047,1,-0.058897436,20.29851526,1
5/11/2019 13:57,0,0,-1,1,0,0,0.001422475,0.000915751,0,0,0,10000,0,7,1428.571429,20.20083802,0,0.731560887,0.331450034,-0.1,-0.06,-0.029429716,-0.028299594,-0.001130122,44.09644264,12.00078108,30.13357511,31.84295547,33.22799656,1,-0.044589744,20.29441572,0
5/11/2019 13:58,0,-1,1,-1,0,0,0,0,0,0,0,83000,0,18,4611.111111,20.1948708,0,0.716706009,0.035310836,-0.1,-0.06,-0.031646534,-0.028968982,-0.002677552,37.9423617,10.94580151,27.48455536,32.64243364,33.2687015,1,-0.054435897,20.28484197,0
5/11/2019 13:59,-1,1,-1,0,0,-0.001782531,0,-0.000914913,0,0,0,18000,0,6,3000,20.18585145,0,0.756555692,0.092294954,-0.05,-0.06,-0.033022714,-0.029779728,-0.003242985,37.9423617,9.999165589,33.75597593,34.18903838,33.70861503,1,-0.05574359,20.27762269,0
5/11/2019 14:00,1,-1,0,0,0,0.001785714,0,0,0,-0.001006036,0,5000,0,5,1000,20.1782851,0,0.7820797,0.137063218,-0.05,-0.06,-0.03372459,-0.030568701,-0.003155889,37.9423617,9.999165589,33.75597593,35.62517136,34.11710616,1,-0.056846154,20.2703572,0
5/11/2019 14:01,-1,0,0,0,0,0,0,0,0,0.001007049,0,0,0,10,0,20.1782851,0,0.7820797,0.137063218,-0.05,-0.06,-0.03372459,-0.030568701,-0.003155889,37.9423617,9.999165589,33.75597593,35.62517136,34.11710616,1,-0.056846154,20.2703572,0
5/11/2019 14:02,0,0,0,0,0,0,0,0.000915751,0.000831255,0,0.000798722,15000,0,4,3750,20.17203262,0,0.794641498,0.173780873,-0.05,-0.05,-0.033890167,-0.031232994,-0.002657173,37.9423617,9.087664744,39.7946282,37.56752863,35.28161534,1,-0.050076923,20.26047905,0
5/11/2019 14:03,0,0,0,-1,0.00172117,0,0,0,0,0,-0.000798085,17000,0,8,2125,20.15544024,1,0.909344494,-0.02954731,-0.1,-0.07,-0.037622283,-0.032510852,-0.005111432,31.94568556,8.27528181,36.23722619,39.3711461,35.5683414,1,-0.066923077,20.2462604,1
5/11/2019 14:04,0,0,-1,1,-0.001718213,0,0,0,0.000830565,0,0,11000,0,3,3666.666667,20.15875962,0,0.802770593,0.253817018,-0.05,-0.06,-0.036128959,-0.033234473,-0.002894485,41.84408181,7.548576646,33.05500472,41.04593376,35.83458703,1,-0.05174359,20.23904378,0
5/11/2019 14:05,0,-1,1,-1,0.00172117,0,0,-0.000914913,0,0,0.000798722,58000,0,8,7250,20.14720639,0,0.843134665,0.016376435,-0.1,-0.07,-0.038535853,-0.034294749,-0.004241104,36.17737315,6.896376213,30.19903738,42.60109372,36.55560653,1,-0.060948718,20.22746808,1
5/11/2019 14:06,-1,1,-1,1,-0.001718213,0,0,0,-0.000829876,0,0,8000,0,2,4000,20.14703262,0,0.795623628,0.329123314,-0.05,-0.07,-0.035993837,-0.034634567,-0.00135927,44.3006565,6.309315593,27.62831545,44.04517082,37.22512463,1,-0.03874359,20.22425432,0
5/11/2019 14:07,1,-1,1,0,0,0,0,0.000915751,0,0,-0.000798085,15000,0,13,1153.846154,20.14850676,0,0.731791252,0.34795909,-0.05,-0.06,-0.033592043,-0.034426062,0.000834019,44.3006565,5.779486346,33.70577894,45.95093418,38.12923732,1,-0.026051282,20.22170034,0
5/11/2019 14:08,-1,1,0,-1,0,0.001782531,0,0,0,0,0,17000,0,9,1888.888889,20.1382851,0,0.783627032,0.073943778,-0.1,-0.06,-0.035316084,-0.034604066,-0.000712018,38.60241594,5.300164007,30.91038644,47.72057159,38.96877054,1,-0.037564103,20.21415029,0
5/11/2019 14:09,1,0,-1,0,0,-0.001779359,0,0,0.000830565,0,0.000798722,549000,1,23,23869.56522,20.13516685,0,0.740555643,0.099108137,-0.05,-0.06,-0.036264366,-0.034936126,-0.00132824,38.60241594,5.300164007,30.91038644,49.36380632,39.7483371,1,-0.048179487,20.20739527,1
5/11/2019 14:10,0,-1,0,1,0.00172117,0,0,0,0,0,0,7000,0,8,875,20.1348708,0,0.718834049,0.448367871,-0.05,-0.04,-0.032605449,-0.034469991,0.001864542,46.5725309,13.60963023,28.19814508,48.33026747,39.19252049,1,-0.027230769,20.20701071,0
5/11/2019 14:11,-1,0,1,-1,-0.001718213,-0.001782531,0,0,0,0,0,52000,0,11,4727.272727,20.12850676,0,0.732515708,0.145237876,-0.05,-0.04,-0.033355808,-0.034247154,0.000891346,40.86037174,12.43462135,34.39727141,48.22787556,39.60492727,1,-0.031051282,20.20371676,0
5/11/2019 14:12,0,1,-1,0,0.00172117,0,0,0,0,0,0.000798085,27000,0,19,1421.052632,20.12350676,0,0.732697046,0.179024745,-0.05,-0.05,-0.033563573,-0.034110438,0.000546865,40.86037174,11.3768283,31.47115137,48.13279736,39.98787641,1,-0.034666667,20.20064416,0
5/11/2019 14:13,1,-1,0,0,-0.001718213,0,0,0,0.000829876,0.001006036,-0.000797448,127000,0,11,11545.45455,20.1198708,0,0.719368035,0.207417934,-0.05,-0.03,-0.033343861,-0.033957123,0.000613262,40.86037174,11.3768283,31.47115137,48.04451046,40.34347205,1,-0.038076923,20.19801067,0
5/11/2019 14:14,-1,0,0,0,0.00172117,0,0,0.000914913,-0.000829187,0,0.000798085,55000,0,22,2500,20.1176788,0,0.691727061,0.231456922,-0.05,-0.03,-0.032791735,-0.033724045,0.00093231,40.86037174,19.33515586,28.64505379,45.99873262,40.0938855,1,-0.033538462,20.19551411,0
5/11/2019 14:15,0,0,0,0,-0.001718213,0,0,-0.000914077,0,0,-0.000797448,13000,0,5,2600,20.11711652,0,0.647922548,0.251466288,-0.05,-0.03,-0.031985463,-0.033376329,0.001390866,40.86037174,19.33515586,28.64505379,44.09908178,39.86212657,1,-0.029410256,20.19314738,0
5/11/2019 14:16,0,0,0,0,0,0,-0.001420455,0,0,-0.003015075,0,10000,0,8,1250,20.11855087,0,0.584305594,0.266748044,-0.05,-0.03,-0.030989261,-0.032898915,0.001909654,40.86037174,19.33515586,28.64505379,42.33512028,39.95132446,1,-0.025641026,20.19146463,0
5/11/2019 14:17,0,0,0,0,0.00172117,0,0.001422475,0,0,-0.001008065,0,6000,0,12,500,20.1158392,0,0.586476311,0.288711436,-0.05,-0.03,-0.029855607,-0.032290254,0.002434646,40.86037174,19.33515586,28.64505379,40.69715603,40.03415107,1,-0.022205128,20.18952408,0
5/11/2019 14:18,0,0,0,-1,-0.001718213,0.001785714,-0.001420455,-0.000914913,0,0,0,13000,0,5,2600,20.11027238,1,0.567523151,-0.089750238,-0.05,-0.04,-0.032615786,-0.03235536,-0.000260426,33.87962557,17.25143953,36.33485302,40.33396565,40.6899497,1,-0.042153846,20.18486883,1
5/11/2019 14:19,0,0,-1,1,0.00172117,0,0.001422475,0.000915751,0,0.001009082,0,15000,0,13,1153.846154,20.10932236,0,0.552220616,0.365296023,-0.05,-0.03,-0.030418026,-0.031967893,0.001549868,44.15441762,15.45747388,32.55641598,39.99671745,41.29890558,1,-0.029794872,20.18285419,0
5/11/2019 14:20,0,-1,1,-1,0,0,0,-0.000914913,0,0,0.000798085,8000,0,14,571.4285714,20.1,0,0.595238095,2.96E-14,-0.1,-0.05,-0.032338093,-0.032041933,-0.00029616,37.82453049,13.90074964,39.34866824,40.55338341,42.29927712,1,-0.041512821,20.17806706,0
5/11/2019 14:21,-1,1,-1,0,-0.001718213,-0.001782531,0,0,0,-0.001008065,-0.000797448,219000,1,34,6441.176471,20.09255002,0,0.619697147,0.059647577,-0.05,-0.05,-0.033473894,-0.032328325,-0.001145569,37.82453049,12.54062974,35.49859482,41.07028752,43.51061085,1,-0.044666667,20.17400757,0
5/11/2019 14:22,1,-1,0,0,-0.00172117,0,-0.001420455,0,0,0.001009082,0.000798085,150000,0,18,8333.333333,20.08675445,0,0.627747426,0.104715292,-0.05,-0.05,-0.033982298,-0.03265912,-0.001323178,37.82453049,11.34517072,41.64731208,42.22112141,44.9708465,1,-0.047615385,20.16881224,0
5/11/2019 14:23,-1,0,0,0,0,0,0.001422475,0.000915751,-0.000829876,0,-0.000797448,35000,0,6,5833.333333,20.08060456,0,0.664056988,0.144968331,-0.05,-0.05,-0.033993358,-0.032925968,-0.00106739,37.82453049,10.28891382,37.76986837,43.28975288,46.3267796,1,-0.042615385,20.16398162,0
5/11/2019 14:24,0,0,0,0,0,0,0,0,0.000830565,0,0,20000,0,16,1250,20.07711652,0,0.649209226,0.174994377,-0.05,-0.06,-0.033614634,-0.033063701,-0.000550933,37.82453049,9.351317272,34.32801835,44.28205352,46.3061605,1,-0.038025641,20.15843655,0
5/11/2019 14:25,0,0,0,0,0,0.001785714,0,-0.000914913,0.000829876,-0.001008065,0,113000,0,5,22600,20.0721767,0,0.67351837,0.205116088,-0.05,-0.05,-0.03293484,-0.033037929,0.000103089,37.82453049,9.351317272,34.32801835,45.20347556,46.71567556,1,-0.033794872,20.15273898,0
5/11/2019 14:26,0,0,0,0,0,-0.001782531,0,0,0,0.001009082,0,21000,0,15,1400,20.07096876,0,0.636019294,0.226695917,-0.05,-0.05,-0.032026912,-0.032835725,0.000808813,37.82453049,18.01586062,31.04681675,43.87178548,46.00229142,1,-0.029897436,20.14686235,0
5/11/2019 14:27,0,0,0,0,0,0,0,0,-0.000829187,0,0,24000,0,1,24000,20.07169048,0,0.579329547,0.242752122,-0.05,-0.05,-0.030950594,-0.032458699,0.001508105,37.82453049,18.01586062,31.04681675,42.63521613,45.33986329,1,-0.026307692,20.14077025,0
5/11/2019 14:28,0,0,0,0,0,0,0,0,0,0,0,8000,0,5,1600,20.06855087,0,0.585757105,0.266748044,-0.05,-0.04,-0.029754611,-0.031917881,0.00216327,37.82453049,16.21801929,37.92780265,42.45377424,44.22625343,1,-0.023025641,20.13547011,0
5/11/2019 14:29,0,0,0,0,0,0.001785714,-0.001420455,0,0,0,0,44000,0,5,8800,20.0658392,0,0.587933395,0.288711436,-0.05,-0.04,-0.028478504,-0.031230006,0.002751502,37.82453049,14.64422677,34.24729821,42.28529248,43.19218713,1,-0.019974359,20.12993678,1
5/11/2019 14:30,0,0,0,1,0,0,0,0.000915751,-0.000829876,0,0,24000,0,11,2181.818182,20.07275063,0,0.49446512,0.776385399,0.05,-0.02,-0.023165559,-0.029617117,0.006451557,52.20189586,22.72029203,31.00693842,40.36659661,41.35085844,1,0.005897436,20.13275365,0
5/11/2019 14:31,0,0,1,-1,-0.001724138,-0.001782531,0,0,0,0,0,73000,0,17,4294.117647,20.07101021,0,0.486976092,0.295875855,0.05,-0.01,-0.022727605,-0.028239214,0.00551161,41.79407829,20.6192951,28.13965651,38.58495044,39.64105324,1,-0.001051282,20.13045435,0
5/11/2019 14:32,0,1,-1,0,0,0,0,0,0,-0.001008065,-0.000798085,104000,0,14,7428.571429,20.06980304,0,0.474183771,0.316550154,0.05,-0.01,-0.022125474,-0.027016466,0.004890992,41.79407829,18.75187946,25.59114869,36.93056472,38.63226518,1,-0.007564103,20.12831645,0
5/11/2019 14:33,1,-1,0,0,-0.001727116,0,-0.001422475,-0.000914913,0,0.001009082,0,114000,0,38,3000,20.06917424,0,0.455637653,0.336336582,0,-0.01,-0.021401577,-0.025893488,0.004491911,41.79407829,17.08548024,32.20354463,36.4835439,38.24013067,1,-0.013692308,20.12610777,0
5/11/2019 14:34,-1,0,0,-1,0,0,0,0,0,0,-0.000798722,204000,1,32,6375,20.0590098,1,0.507112831,-0.088348405,-0.05,-7.11E-16,-0.024579133,-0.025630617,0.001051485,33.46160064,15.5931881,29.39079978,36.06845313,38.31091827,1,-0.034794872,20.12017136,0
5/11/2019 14:35,0,0,-1,0,0,0,0,0,0,0,0,29000,0,19,1526.315789,20.05114835,1,0.535704035,-0.01066218,-0.05,-0.02,-0.026788566,-0.025862207,-0.000926359,33.46160064,15.5931881,29.39079978,35.68301171,38.37664962,1,-0.046538462,20.11104908,0
5/11/2019 14:36,0,-1,0,-1,0,0,0,0,0,-0.001008065,0,8000,0,2,4000,20.03060456,1,0.665709076,-0.228749215,-0.1,-0.04,-0.032202925,-0.027130351,-0.005072575,27.17755706,14.15893255,35.88540736,36.23525729,39.22818935,1,-0.07274359,20.09805634,0
5/11/2019 14:37,-1,0,-1,0,0,0,0,0,0,0,-0.001598721,19000,0,5,3800,20.01516685,1,0.744979072,-0.101337794,-0.1,-0.06,-0.03607796,-0.028919872,-0.007158087,27.17755706,12.88282464,32.65114856,36.74805675,40.01890481,1,-0.081435897,20.08494481,1
5/11/2019 14:38,0,-1,0,1,0.001730104,0,0,0.000915751,0,0,0,8000,0,3,2666.666667,20.01085145,0,0.763146719,0.255376973,-0.05,-0.07,-0.034714206,-0.030078739,-0.004635467,40.20173761,11.74304165,29.76240134,37.22422768,40.7531406,1,-0.058538462,20.08085627,0
5/11/2019 14:39,-1,0,1,0,-0.001727116,-0.003571429,0,-0.000914913,0,0.001009082,0.000800641,51000,0,5,10200,20.0098708,0,0.723308306,0.276260773,-0.05,-0.07,-0.033250135,-0.030713018,-0.002537117,40.20173761,10.72151023,27.17335935,37.6663864,41.43493098,1,-0.037307692,20.07776182,0
5/11/2019 14:40,0,1,0,0,0,0,0,0,-0.000830565,0,-0.0008,2000,0,3,666.6666667,20.00651531,0,0.731919246,0.295875855,-0.1,-0.08,-0.031724152,-0.030915245,-0.000808907,40.20173761,10.72151023,27.17335935,38.07696235,40.97437392,1,-0.025384615,20.07451369,0
5/11/2019 14:41,1,0,0,0,0,0.001792115,0,0,0.000831255,0,0,13000,0,5,2600,20.00350676,0,0.737076259,0.314172221,-0.05,-0.07,-0.030167052,-0.030765607,0.000598554,40.20173761,10.72151023,27.17335935,38.45821146,40.54671379,1,-0.022102564,20.07164559,0
5/11/2019 14:42,0,0,0,0,0,0,0,0.000915751,-0.000830565,-0.001008065,0.000800641,3000,0,3,1000,20.00083802,0,0.738849164,0.331450034,-0.05,-0.06,-0.028603318,-0.030333149,0.001729831,40.20173761,10.72151023,27.17335935,38.81222848,40.63300136,1,-0.019128205,20.06911305,0
5/11/2019 14:43,0,0,0,0,0,0,0.001424501,0,0,0,-0.0008,54000,0,7,7714.285714,19.99850676,0,0.737259862,0.34795909,-0.05,-0.06,-0.027052207,-0.029676961,0.002624754,40.20173761,9.598431677,34.80195241,40.09451182,41.18990215,1,-0.016461538,20.0646406,0
5/11/2019 14:44,0,0,0,0,0,0,0,0,0,-0.001009082,0.000800641,6000,0,8,750,19.99651531,0,0.732283929,0.363917237,-0.05,-0.05,-0.025528661,-0.028847301,0.003318639,40.20173761,9.598431677,34.80195241,41.2852035,40.82590005,1,-0.014025641,20.0612147,0
5/11/2019 14:45,0,0,0,0,0,0,0,0,0,0,-0.0008,25000,0,4,6250,19.9948708,0,0.723848962,0.379525032,-0.05,-0.03,-0.024044075,-0.027886656,0.00384258,40.20173761,8.558678511,41.86455166,43.05430588,40.81962816,1,-0.011846154,20.05859046,0
5/11/2019 14:46,0,0,0,0,0,0,0,-0.000914913,0.000831255,0,-0.000800641,25000,0,11,2272.727273,19.99358572,0,0.711829397,0.394978994,0.05,-0.01,-0.022606932,-0.026830711,0.004223779,40.20173761,8.558678511,41.86455166,44.69704382,40.81380427,1,-0.009871795,20.05658029,0
5/11/2019 14:47,0,0,0,-1,-0.001730104,0,0,0,0,0,0,31000,0,6,5166.666667,19.98516685,0,0.746093198,0.099108137,0.05,-0.01,-0.02521194,-0.026506957,0.001295017,29.81317354,7.603444611,48.35304763,46.7060926,41.59481825,1,-0.031153846,20.04863642,0
5/11/2019 14:48,0,0,-1,0,0,0,0,0,-0.000830565,-0.001010101,0.000801282,23000,0,6,3833.333333,19.97818854,0,0.766008053,0.141980495,-0.05,-0.01,-0.026965585,-0.026598682,-0.000366902,29.81317354,6.787605889,43.16483484,48.5716379,42.32004552,1,-0.043051282,20.04294596,1
5/11/2019 14:49,0,-1,0,1,0,0,-0.001422475,0,0,0,0,13000,0,10,1300,19.97850676,0,0.737995192,0.483106566,-0.05,0,-0.024043619,-0.02608767,0.002044051,45.99747993,6.084525003,38.69368981,50.30392996,42.99347084,1,-0.023179487,20.04358788,0
5/11/2019 14:50,-1,0,1,0,0.003466205,0,-0.001424501,0,0,0,-0.000800641,33000,0,6,5500,19.98855087,0,0.588094581,0.521204723,-0.05,0,-0.021480328,-0.025166201,0.003685873,45.99747993,5.473905524,34.81054023,51.91248687,44.07387208,1,-0.004820513,20.04408802,0
5/11/2019 14:51,0,1,0,0,-0.001727116,0,0.001426534,0.000915751,0,0,0.001602564,16000,0,6,2666.666667,19.99114835,0,0.537307539,0.546423835,0,-0.01,-0.019227262,-0.023978413,0.004751151,45.99747993,5.473905524,34.81054023,53.40614687,45.07710181,1,0.004384615,20.04444668,0
5/11/2019 14:52,1,0,0,-1,0,0,-0.001424501,0,0,0,0,64000,0,5,12800,19.9890098,0,0.508884183,0.10776773,-0.05,-0.02,-0.021231529,-0.023429037,0.002197508,35.71232825,4.903222514,41.60687915,55.22824004,46.22623386,1,-0.017974359,20.04167321,1
5/11/2019 14:53,0,0,-1,1,0.001730104,-0.001788909,0.001426534,0,0.000831255,0,-0.0008,110000,0,15,7333.333333,19.99419873,0,0.432202323,0.644337567,-0.05,-0.01,-0.018571265,-0.022457482,0.003886217,48.18864277,4.408283339,37.40701378,56.9201837,47.29328505,1,-0.007871795,20.04203404,0
5/11/2019 14:54,0,-1,1,0,0,0.001792115,0,0,0,0,0.000800641,32000,0,6,5333.333333,19.99419873,0,0.432202323,0.644337567,-0.05,-0.01,-0.016275374,-0.021221061,0.004945686,48.18864277,4.408283339,37.40701378,58.49127425,48.2841183,1,0.001384615,20.04218198,0
5/11/2019 14:55,-1,1,0,0,0,-0.001788909,0,0,0.000830565,0.001011122,0,10000,0,6,1666.666667,19.99419873,0,0.432202323,0.644337567,0,-0.01,-0.014291125,-0.019835073,0.005543949,48.18864277,3.946296783,43.9667369,60.27955833,49.36888489,1,0.009820513,20.04235137,0
5/11/2019 14:56,1,0,0,0,0,-0.001792115,0,0,-0.000829876,0,-0.0008,7000,0,4,1750,20,0,0.399201597,0.625,0,-0.01,-0.012573652,-0.018382789,0.005809137,48.18864277,3.946296783,43.9667369,61.94010784,50.37616816,1,0.009692308,20.04251709,1
5/11/2019 14:57,0,0,0,1,0,0.001795332,0,0,-0.00166113,-0.001010101,0,267000,1,30,8900,19.98855087,0,0.588094581,1.369393653,0.15,0.03,-0.003107556,-0.015327743,0.012220187,65.95990054,22.72961359,35.36903457,59.06975038,49.5821311,1,0.055512821,20.04531164,0
5/11/2019 14:58,0,0,1,0,0,0.001792115,0,0,0.001663894,0,0.000800641,10000,0,36,277.7777778,19.97850676,0,0.737995192,1.158843944,0.15,0.06,0.004344315,-0.011393331,0.015737646,65.95990054,22.72961359,35.36903457,56.40441845,48.84481098,1,0.082076923,20.05114428,1
5/11/2019 14:59,0,1,0,1,0,0,0,0.000914913,0,0,0.0008,28000,0,21,1333.333333,19.96202041,0,0.976865301,1.214434508,0.15,0.09,0.014121771,-0.006290311,0.020412082,71.60719972,30.59936454,31.7668073,52.50923975,47.78177282,1,0.113871795,20.0608199,0
5/11/2019 15:00,1,0,1,-1,0,0,0,-0.000914077,0,0,-0.000799361,45000,0,18,2500,19.95964346,0,1.05015238,0.903392148,0.1,0.11,0.017632636,-0.001505721,0.019138357,60.7529029,27.57491232,28.62696461,48.8922881,46.79466596,1,0.096615385,20.06876967,0
5/11/2019 15:01,0,1,-1,0,0,0.001788909,0,0,-0.000830565,0,-0.0008,4000,0,2,2000,19.95864471,0,1.109669031,0.859210604,0.1,0.13,0.020182371,0.002831897,0.017350474,60.7529029,27.57491232,28.62696461,45.53369014,46.11989137,1,0.080333333,20.07510564,0
5/11/2019 15:02,1,-1,0,0,-0.001727116,0,0,0.000914913,0,-0.001011122,0,29000,0,10,2900,19.9588105,0,1.157554176,0.822748612,0.15,0.13,0.021950029,0.006655523,0.015294505,60.7529029,24.73904084,35.96714227,43.60241313,46.08702551,1,0.065102564,20.08192102,1
5/11/2019 15:03,-1,0,0,1,0.001730104,0,0,0.001828154,0,0,0.000800641,24000,0,9,2666.666667,19.95492649,0,1.270494293,0.960518808,0.15,0.13,0.027073407,0.0107391,0.016334307,67.00042015,32.24332349,32.38085258,40.50315602,45.40354299,1,0.081717949,20.09573626,1
5/11/2019 15:04,0,0,1,1,0,0,0.001424501,0,0,0.002024291,-0.0008,121000,0,25,4840,19.94664048,0,1.451880268,1.039903047,0.2,0.14,0.034767524,0.015544785,0.01922274,71.82964025,38.81353678,29.24095377,38.61479176,45.26363932,1,0.11225641,20.10910579,0
5/11/2019 15:05,0,1,1,0,0,0,0,-0.000912409,0,-0.002020202,0,6000,0,17,352.9411765,19.9428911,0,1.587950722,0.962066974,0.2,0.16,0.040399468,0.020515722,0.019883747,71.82964025,35.14360214,26.47613515,36.86131066,45.13372876,1,0.12474359,20.12559041,0
5/11/2019 15:06,1,1,0,0,0,0.001785714,0,0.000913242,0,0.002024291,0,12000,0,3,4000,19.94257355,0,1.689759649,0.904586797,0.2,0.18,0.044351567,0.025282891,0.019068676,71.82964025,35.14360214,26.47613515,35.23307821,45.23065913,1,0.120512821,20.15955423,0
5/11/2019 15:07,1,0,0,-1,0,0,0,-0.000912409,0.000831255,0,-0.000800641,185000,1,28,6607.142857,19.95674416,0,1.647467706,0.733777579,0.05,0.16,0.042953906,0.028817094,0.014136812,60.72963227,31.67063085,33.74193193,32.94260968,44.93139669,1,0.085487179,20.16901854,1
5/11/2019 15:08,0,0,-1,1,-0.001727116,0,0,-0.000913242,0,-0.001010101,0,62000,0,8,7750,19.97037922,0,1.635170363,0.849287625,0.1,0.15,0.045357973,0.03212527,0.013232703,66.33255289,28.62431643,30.49638453,30.81574605,44.65351015,1,0.083692308,20.1879682,0
5/11/2019 15:09,0,-1,1,-1,0.001730104,0,0,0,0,0.001011122,0.000801282,4000,0,13,307.6923077,19.98040435,0,1.609488899,0.677364413,0.1,0.11,0.042735997,0.034247415,0.008488582,57.49795859,25.93754029,27.63388967,28.84080124,44.56017979,0,0.05874359,20.19010111,1
5/11/2019 15:10,-1,1,-1,1,0,0,0,0,-0.000830565,-0.001010101,-0.000800641,4000,0,5,800,19.9897886,0,1.614801151,0.799610228,0.1,0.09,0.044183327,0.036234598,0.007948729,62.82939477,23.5563752,25.09699325,27.00692392,44.47351588,0,0.066358974,20.19505638,0
5/11/2019 15:11,1,-1,1,-1,-0.001727116,0,0,0,0,0,-0.000801282,8000,0,6,1333.333333,20.00315613,0,1.555990788,0.627515343,0.05,0.06,0.040825157,0.037152709,0.003672448,55.35196791,21.43699307,31.83606463,26.47216653,42.77095845,0,0.042487179,20.19537772,1
5/11/2019 15:12,-1,1,-1,1,0.001730104,0,0,0,0,0,0,72000,0,5,14400,20.02940912,0,1.41867275,0.770806916,0.1,0.07,0.041717472,0.038065662,0.00365181,60.42424727,28.37668085,29.02389696,24.66183627,40.53312736,0,0.051179487,20.19824539,0
5/11/2019 15:13,1,-1,1,0,0,0,0,0,0,0,0,49000,0,4,12250,20.04731494,0,1.339626492,0.749657768,0.05,0.06,0.041941167,0.038840763,0.003100404,60.42424727,28.37668085,29.02389696,22.98081531,37.74502753,0,0.051538462,20.20072961,0
5/11/2019 15:14,-1,1,0,-1,0,0,0,-0.000914077,0.000831255,0,0.000801925,14000,0,14,1000,20.06916954,0,1.196933727,0.541380294,-0.05,0.05,0.03764986,0.038602582,-0.000952722,53.3898211,25.73976771,35.61937653,22.48942007,35.69085409,0,0.028897436,20.20069167,1
5/11/2019 15:15,1,0,-1,1,0,0,0,0,-0.000830565,0,0,10000,0,3,3333.333333,20.09511912,0,1.038424602,0.738365647,-0.05,0.03,0.037847271,0.03845152,-0.000604249,58.58244181,23.39822627,32.37908908,22.03312449,33.78340732,0,0.031230769,20.20305847,0
5/11/2019 15:16,0,-1,1,0,0,-0.001782531,0,-0.000914913,0,0,0,16000,0,8,2000,20.12875962,0,0.803962237,0.746182982,-0.05,0.02,0.03757063,0.038275342,-0.000704712,58.58244181,21.31049128,29.49002576,21.60942145,32.60591729,0,0.033512821,20.20541225,0
5/11/2019 15:17,-1,1,0,0,0,0.001785714,0,0,0,0,0,226000,1,27,8370.37037,20.1368975,0,0.772718246,0.72406454,0.05,0.01,0.036925733,0.03800542,-0.001079688,58.58244181,21.31049128,29.49002576,21.21598291,30.85956947,0,0.03574359,20.20640592,0
5/11/2019 15:18,1,0,0,0,-0.001727116,-0.001782531,0,0,-0.000831255,0,-0.000801282,8000,0,0,0,20.14651531,0,0.726851556,0.704124145,0.05,0.01,0.035999665,0.037604269,-0.001604604,58.58244181,21.31049128,29.49002576,20.85064713,29.73271945,0,0.030333333,20.20753937,0
5/11/2019 15:19,0,0,0,-1,-0.001730104,0,0,0,0,0,0,213000,1,18,11833.33333,20.14651531,0,0.726851556,0.363917237,0.05,0.01,0.030875257,0.036258467,-0.005383209,50.94808538,19.17374289,36.55988029,21.58953379,29.22542223,0,0.002512821,20.20734334,0
5/11/2019 15:20,0,0,-1,0,0.001733102,-0.001785714,0,0,0,0.002022245,0,1000,0,11,90.90909091,20.15560456,0,0.661594173,0.331827104,-0.05,0.01,0.026508553,0.034308484,-0.007799931,50.94808538,19.17374289,36.55988029,22.27564283,28.75436052,0,-0.015128205,20.20715242,1
5/11/2019 15:21,0,-1,0,1,-0.001730104,0,-0.001422475,-0.000915751,0,-0.001009082,0,45000,0,13,3461.538462,20.16855087,0,0.582861259,0.690842509,0.05,0.01,0.026773858,0.032801559,-0.006027701,57.38833671,27.59362645,32.75134151,21.29502911,27.1188194,0,-0.000230769,20.20848926,0
5/11/2019 15:22,-1,0,1,0,0,0.001788909,0.001424501,-0.00091659,-0.000831947,0.001010101,0,1000,0,5,200,20.18480304,0,0.471488546,0.683449846,0.05,0.01,0.026676603,0.031576568,-0.004899965,57.38833671,27.59362645,32.75134151,20.38445923,25.60010264,0,0.013923077,20.20967647,0
5/11/2019 15:23,0,1,0,-1,0.001733102,0,0,0,0,0,0.000801925,8000,0,1,8000,20.18480304,0,0.471488546,0.159307428,-0.05,-0.01,0.022307795,0.029722813,-0.007415018,49.80456319,24.61923858,40.00024713,20.62860008,24.73470066,0,-0.003538462,20.20952552,0
5/11/2019 15:24,1,0,-1,0,0,-0.001785714,0,0,0.001665279,0,-0.000801282,49000,0,7,7000,20.18101021,0,0.484328175,0.193813782,-0.05,-0.01,0.01863072,0.027504395,-0.008873674,49.80456319,22.05858328,35.83980795,20.85530229,23.93111311,0,-0.019435897,20.20936454,1
5/11/2019 15:25,0,-1,0,1,-0.001730104,0,0,-0.000917431,-0.000831255,0,-0.000801925,8000,0,2,4000,20.18101021,0,0.484328175,0.704124145,-0.05,-0.01,0.019526109,0.025908738,-0.006382628,56.47520762,19.83665689,32.22972048,21.06581149,23.76898901,0,-0.003179487,20.210301,0
5/11/2019 15:26,-1,0,1,0,0,0.001788909,0,-0.000918274,0.000831947,0,0,18000,0,2,9000,20.18101021,0,0.484328175,0.704124145,0,-0.01,0.020005105,0.024728011,-0.004722906,56.47520762,19.83665689,32.22972048,21.26128432,22.96156029,0,0.011974359,20.21107513,0
5/11/2019 15:27,0,1,0,-1,0,0,0,0,0.000831255,-0.002018163,0,8000,0,3,2666.666667,20.18101021,0,0.484328175,0.193813782,-0.05,-0.02,0.016163804,0.02301517,-0.006851366,48.93335692,17.76171339,39.31859145,22.44018384,22.71049957,0,-0.004666667,20.21084117,0
5/11/2019 15:28,1,0,-1,0,0.001733102,-0.001785714,0,0.000919118,0,0,0,22000,0,7,3142.857143,20.17775063,0,0.491898375,0.223614601,-0.05,-0.02,0.012970035,0.021006143,-0.008036108,48.93335692,26.08776007,35.33786128,21.91295839,22.20118923,0,-0.019794872,20.21059453,0
5/11/2019 15:29,0,-1,0,0,0,0,0,0,0,0.002022245,0.001605136,189000,1,13,14538.46154,20.17775063,0,0.491898375,0.223614601,-0.05,-0.02,0.010319988,0.018868912,-0.008548924,48.93335692,23.5230243,41.69491531,22.33798507,22.18555478,0,-0.025846154,20.21006866,0
5/11/2019 15:30,-1,0,0,0,-0.001730104,0.001788909,-0.001422475,0.000918274,0,0,-0.001602564,2000,0,2,1000,20.175,0,0.494437577,0.25,-0.05,-0.02,0.008126133,0.016720356,-0.008594223,48.93335692,23.5230243,41.69491531,22.73265271,22.17103708,0,-0.023615385,20.20959744,1
5/11/2019 15:31,0,0,0,1,0.001733102,0,0,0,0,0,0.001605136,36000,0,13,2769.230769,20.17775063,0,0.491898375,0.726133508,0,-0.02,0.010303299,0.015436945,-0.005133645,56.70930552,31.35035204,37.42749019,21.74002718,21.47800505,0,0.001564103,20.21169838,0
5/11/2019 15:32,0,0,1,0,0,0,0,0,0,0.001009082,0,22000,0,8,2750,20.17775063,0,0.491898375,0.726133508,0,-0.01,0.01189164,0.014727884,-0.002836244,56.70930552,31.35035204,37.42749019,20.81830348,20.8344753,0,0.017051282,20.21369006,0
5/11/2019 15:33,0,1,0,0,0,0,0,0,0.000830565,-0.002016129,0,27000,0,7,3857.142857,20.17775063,0,0.491898375,0.726133508,0.05,0.01,0.013000549,0.014382417,-0.001381868,56.70930552,31.35035204,37.42749019,19.96241718,20.77597548,0,0.023615385,20.21563718,0
5/11/2019 15:34,1,0,0,0,0,0,0,0,0.000829876,0,-0.000801282,156000,0,21,7428.571429,20.18101021,0,0.484328175,0.704124145,0.05,0.02,0.013721198,0.014250173,-0.000528975,56.70930552,31.35035204,37.42749019,19.16766562,20.72165422,0,0.021897436,20.21764741,0
5/11/2019 15:35,0,0,0,0,0,0,0,0.000917431,-0.001658375,0,0,15000,0,7,2142.857143,20.18101021,0,0.484328175,0.704124145,0.05,0.02,0.014129443,0.014226027,-9.66E-05,56.70930552,39.65738062,32.89853425,18.46392967,19.87947939,0,0.020282051,20.22197341,0
5/11/2019 15:36,0,0,0,0,0,-0.001785714,0,-0.00091659,0,0,0.000801925,12000,0,8,1500,20.18101021,0,0.484328175,0.704124145,0.05,0.02,0.014288273,0.014238476,4.98E-05,56.70930552,39.65738062,32.89853425,17.81046058,19.0974599,0,0.018717949,20.22634556,0
5/11/2019 15:37,0,0,0,0,0,0.001788909,0,0,-0.000830565,0.001010101,0,15000,0,7,2142.857143,20.18101021,0,0.484328175,0.704124145,0.05,0.03,0.014249883,0.014240758,9.13E-06,56.70930552,34.77685042,41.15653629,17.13840536,18.88350272,0,0.01725641,20.22972814,0
5/11/2019 15:38,0,0,0,0,0.001730104,0,0,0,-0.000831255,0.002018163,0,117000,0,24,4875,20.18101021,0,0.484328175,0.704124145,0.05,0.03,0.014057414,0.014204089,-0.000146675,56.70930552,34.77685042,41.15653629,16.51435408,18.68482819,0,0.015846154,20.23289055,0
5/11/2019 15:39,0,0,0,0,0,0,0.001424501,0,0,0.001007049,0,11000,0,8,1375,20.18480304,0,0.471488546,0.683449846,0.05,0.03,0.01374642,0.014112555,-0.000366135,56.70930552,34.77685042,41.15653629,15.9348779,18.5003447,0,0.014461538,20.23555963,0
5/11/2019 15:40,0,0,0,0,0,0,0,0,0,-0.002012072,-0.000801282,7000,0,1,7000,20.18917424,0,0.452935576,0.663663418,0.05,0.04,0.01334611,0.013959266,-0.000613156,56.70930552,34.77685042,41.15653629,15.39679287,18.3290386,0,0.013153846,20.23826286,0
5/11/2019 15:41,0,0,0,0,0,-0.001785714,0,0.001834862,0,0,0.000801925,30000,0,4,7500,20.18917424,0,0.452935576,0.663663418,0.05,0.04,0.012880384,0.01374349,-0.000863105,56.70930552,34.77685042,41.15653629,14.89714249,18.66866316,0,0.011897436,20.24027696,0
5/11/2019 15:42,0,0,0,0,0,0.001788909,0,0.000915751,0,-0.001008065,0,44000,0,12,3666.666667,20.18917424,0,0.452935576,0.663663418,0.05,0.03,0.012368714,0.013468535,-0.00109982,56.70930552,34.77685042,41.15653629,14.43318142,18.1730699,0,0.010666667,20.24217295,0
5/11/2019 15:43,0,0,0,0,0,0,0.001422475,0,0,0,0,33000,0,9,3666.666667,20.19419873,0,0.427931021,0.644337567,0,0.02,0.011826879,0.013140204,-0.001313324,56.70930552,34.77685042,41.15653629,14.00236042,18.17017275,0,0.009435897,20.2435466,0
5/11/2019 15:44,0,0,0,0,-0.001727116,-0.001785714,-0.001420455,0,0.000831947,0.001009082,0.000801282,13000,0,8,1625,20.2,0,0.395256917,0.625,0,0.01,0.011267586,0.01276568,-0.001498094,56.70930552,34.77685042,41.15653629,13.60231236,18.16748253,0,0.008205128,20.24505669,0
5/11/2019 15:45,0,0,0,0,0.001730104,0,-0.001422475,0,-0.000831255,0,0,21000,0,4,5250,20.2,0,0.395256917,0.625,0,0.01,0.010700987,0.012352741,-0.001651754,56.70930552,34.77685042,41.15653629,13.23083916,17.48543317,0,0.007051282,20.2460849,0
5/11/2019 15:46,0,0,0,0,-0.001727116,0.001788909,0.001424501,0.002744739,0.001663894,-0.001008065,0,20000,0,2,10000,20.2,0,0.395256917,0.625,0,0.01,0.010135122,0.011909218,-0.001774096,56.70930552,34.77685042,41.15653629,12.88589975,16.85210161,0,0.006025641,20.24730641,1
5/11/2019 15:47,0,0,0,1,0.001730104,0,-0.001422475,-0.002737226,-0.000830565,0.001009082,-0.000800641,147000,0,20,7350,20.20141101,0,0.430614862,1.130893268,0.05,0.01,0.013564885,0.012240351,0.001324534,71.10856412,22.93322002,27.14023526,12.56559888,16.26400803,0,0.051230769,20.26169176,0
5/11/2019 15:48,0,0,1,0,0,0.001785714,-0.001424501,0,0.000831255,0.002016129,0,384000,1,27,14222.22222,20.20527864,0,0.44169244,1.059016994,0.05,0.02,0.016097435,0.013011768,0.003085667,71.10856412,22.93322002,27.14023526,12.26817664,15.71792113,0,0.077384615,20.27962002,0
5/11/2019 15:49,0,1,0,0,0,0,-0.001426534,0,0,-0.002012072,-0.000801282,23000,0,5,4600,20.21141101,0,0.430402265,1.016185401,0.05,0.03,0.01789818,0.01398905,0.00390913,71.10856412,22.93322002,27.14023526,11.99199884,15.22796426,0,0.085923077,20.28915785,0
5/11/2019 15:50,1,0,0,0,0,0,-0.001428571,-0.000914913,0,0.001008065,-0.000801925,22000,0,9,2444.444444,20.22,0,0.394866732,1,0.05,0.04,0.019105053,0.015012251,0.004092802,71.10856412,18.91124954,39.91819765,13.6860146,15.74823759,0,0.078230769,20.29423198,0
5/11/2019 15:51,0,0,0,0,0,0,0,-0.000915751,0,0,0.000802568,13000,0,11,1181.818182,20.21919873,0,0.427403037,0.933012702,0.05,0.05,0.019832887,0.015976378,0.003856509,71.10856412,15.90693715,33.57664229,15.25902923,16.1987173,0,0.070923077,20.29558169,0
5/11/2019 15:52,0,0,0,-1,0,0,0.001430615,0,0,-0.001007049,-0.000801925,58000,0,23,2521.73913,20.21919873,0,0.427403037,0.355662433,0.05,0.04,0.016188507,0.016018804,0.000169703,47.98788434,13.58308741,28.67141945,16.71968568,16.61701988,0,0.040871795,20.27780483,0
5/11/2019 15:53,0,0,-1,0,-0.001727116,0,-0.001428571,0,0,0.001008065,0.000802568,56000,0,12,4666.666667,20.21919873,0,0.427403037,0.355662433,0.05,0.03,0.01314874,0.015444791,-0.002296051,47.98788434,11.73659224,38.36788063,19.32195948,17.62841869,0,0.02074359,20.27238289,1
5/11/2019 15:54,0,-1,0,1,0.001730104,0,0.001430615,0,0.000830565,0,-0.000801925,98000,0,27,3629.62963,20.21917424,0,0.452265057,0.881881308,0.05,0.03,0.014605916,0.015277016,-0.0006711,62.23048898,20.40258223,29.67822937,19.26477377,17.33078332,0,0.056051282,20.27669116,0
5/11/2019 15:55,-1,0,1,-1,0,0,-0.001428571,0,0,0,0,272000,1,34,8000,20.20888097,1,0.529243938,-0.082815505,-0.05,0.01,0.007603922,0.013742397,-0.006138476,39.14376958,16.40205312,23.85893556,19.21167274,17.05440762,0,0.034769231,20.26871528,1
5/11/2019 15:56,0,1,-1,1,0,0,0,0,0,0,0,68000,0,25,2720,20.20888097,0,0.529243938,0.383436899,-0.05,0.01,0.006019978,0.012197913,-0.006177935,49.27643044,14.83568254,21.58044429,19.16236465,16.79777304,0,0.03825641,20.26696353,0
5/11/2019 15:57,1,-1,1,0,0,0.001782531,0,0,0.000829876,-0.002014099,0.000802568,59000,0,38,1552.631579,20.20888097,0,0.529243938,0.383436899,-0.05,-0.01,0.004710393,0.010700409,-0.005990016,49.27643044,13.45219821,19.56798505,19.11657857,16.5594695,0,0.033769231,20.26564037,1
5/11/2019 15:58,-1,1,0,1,0,-0.001779359,-0.001430615,0,0,0,0.000801925,139000,0,37,3756.756757,20.20932236,0,0.549495619,0.814309279,-0.05,-0.01,0.007619289,0.010084185,-0.002464896,57.48599061,21.3507254,17.78217121,18.40247044,16.0023914,0,0.060358974,20.26742707,0
5/11/2019 15:59,1,0,1,-1,0,-0.001782531,0,-0.00091659,0,0.001009082,-0.000801282,104000,0,26,4000,20.20932236,0,0.549495619,0.365296023,-0.05,-0.03,0.005822905,0.009231929,-0.003409024,48.95345493,19.44010919,16.19089485,17.73937003,15.4851046,0,0.046307692,20.26665032,0
5/11/2019 16:00,0,1,-1,0,0,0,0,0,0,0,0,0,0,2,0,20.20932236,0,0.549495619,0.365296023,-0.05,-0.03,0.005822905,0.009231929,-0.003409024,48.95345493,19.44010919,16.19089485,17.73937003,15.4851046,0,0.046307692,20.26665032,0
